2023/10/16 20:58:13,45
2023/10/16 21:11:11,43
2023/10/16 21:18:09,42
2023/10/16 21:38:09,41
2023/10/16 22:18:09,40
2023/10/16 22:48:09,41
2023/10/16 22:58:09,43
2023/10/16 23:08:09,45
2023/10/16 23:18:09,43
2023/10/16 23:28:09,42
2023/10/16 23:38:09,41
2023/10/16 23:48:09,40
2023/10/17 00:38:10,44
2023/10/17 00:48:10,42
2023/10/17 00:58:10,41
2023/10/17 01:08:10,40
2023/10/17 01:18:10,39
2023/10/17 01:48:10,38
2023/10/17 07:38:10,39
2023/10/17 10:38:11,40
2023/10/17 10:48:10,42
2023/10/17 10:58:10,43
2023/10/17 11:08:10,42
2023/10/17 11:18:10,41
2023/10/17 11:38:10,40
2023/10/17 12:48:10,41
2023/10/17 12:58:10,40
2023/10/17 13:18:10,41
2023/10/17 13:28:10,40
2023/10/17 13:38:10,41
2023/10/17 15:28:10,40
2023/10/17 15:58:10,41
2023/10/17 16:08:10,40
2023/10/17 16:58:10,41
2023/10/17 17:38:10,40
2023/10/17 18:08:10,41
2023/10/17 18:18:10,40
2023/10/17 18:58:10,39
2023/10/17 19:08:10,40
2023/10/17 19:18:10,39
2023/10/17 19:28:10,40
2023/10/17 19:48:10,39
2023/10/17 19:58:10,40
2023/10/17 20:08:10,39
2023/10/17 20:58:11,38
2023/10/17 21:08:11,39
2023/10/17 21:18:11,38
2023/10/17 21:28:11,39
2023/10/17 21:48:11,38
2023/10/17 22:08:11,42
2023/10/17 22:18:11,39
2023/10/17 22:28:11,41
2023/10/17 22:38:11,39
2023/10/17 22:48:11,41
2023/10/17 22:58:11,39
2023/10/17 23:08:12,40
2023/10/17 23:18:11,39
2023/10/17 23:28:12,40
2023/10/17 23:38:11,38
2023/10/17 23:48:12,40
2023/10/17 23:58:11,38
2023/10/18 00:08:12,40
2023/10/18 00:18:11,38
2023/10/18 00:28:12,40
2023/10/18 00:38:11,38
2023/10/18 00:48:12,40
2023/10/18 00:58:11,38
2023/10/18 01:08:12,40
2023/10/18 01:18:11,38
2023/10/18 01:28:11,39
2023/10/18 01:38:11,38
2023/10/18 01:48:11,37
2023/10/18 03:28:11,36
2023/10/18 03:48:11,37
2023/10/18 04:08:11,36
2023/10/18 05:28:11,37
2023/10/18 07:18:11,38
2023/10/18 09:08:11,37
2023/10/18 09:18:11,38
2023/10/18 09:28:11,37
2023/10/18 10:28:11,38
2023/10/18 10:48:11,37
2023/10/18 12:28:11,38
2023/10/18 12:38:11,39
2023/10/18 12:48:12,43
2023/10/18 12:58:11,41
2023/10/18 13:08:11,40
2023/10/18 13:18:11,39
2023/10/18 14:08:11,40
2023/10/18 14:48:12,39
2023/10/18 15:18:11,40
2023/10/18 15:38:11,39
2023/10/18 15:48:11,40
2023/10/18 16:08:11,39
2023/10/18 16:18:11,40
2023/10/18 16:28:11,39
2023/10/18 16:38:11,41
2023/10/18 16:48:11,40
2023/10/18 16:58:11,39
2023/10/18 17:20:54,34
2023/10/18 17:30:47,35
2023/10/18 17:40:47,37
2023/10/18 18:00:47,38
2023/10/18 18:10:48,39
2023/10/18 19:20:48,40
2023/10/18 20:10:47,39
2023/10/18 20:30:48,40
2023/10/18 21:20:47,39
2023/10/18 21:30:48,40
2023/10/19 11:12:28,28
2023/10/19 11:22:22,31
2023/10/19 11:32:22,34
2023/10/19 11:42:22,35
2023/10/19 11:52:22,37
2023/10/19 12:02:22,38
2023/10/19 12:22:22,40
2023/10/19 12:32:22,39
2023/10/19 12:42:22,40
2023/10/19 13:12:22,41
2023/10/19 13:52:22,42
2023/10/19 14:02:22,41
2023/10/19 14:12:22,43
2023/10/19 14:22:22,42
2023/10/19 14:32:22,43
2023/10/19 14:42:22,41
2023/10/19 14:52:22,42
2023/10/19 15:02:22,41
2023/10/19 15:12:22,42
2023/10/19 15:22:22,41
2023/10/19 15:42:22,40
2023/10/19 16:12:22,41
2023/10/19 16:22:22,42
2023/10/19 16:42:22,41
2023/10/19 17:02:22,43
2023/10/19 17:12:22,41
2023/10/19 17:32:22,40
2023/10/19 18:12:33,33
2023/10/19 18:22:27,37
2023/10/19 18:32:27,38
2023/10/19 18:42:27,39
2023/10/19 19:21:25,31
2023/10/19 19:31:19,36
2023/10/19 19:43:32,38
2023/10/19 19:53:17,39
2023/10/19 20:03:19,41
2023/10/19 20:13:19,39
2023/10/19 20:23:19,40
2023/10/19 20:33:19,38
2023/10/19 20:43:19,40
2023/10/19 20:53:19,38
2023/10/19 21:03:19,40
2023/10/19 21:13:19,38
2023/10/19 21:23:19,40
2023/10/19 21:33:19,39
2023/10/19 21:43:19,40
2023/10/19 21:53:19,39
2023/10/19 22:03:19,41
2023/10/19 22:13:19,39
2023/10/19 22:33:19,38
2023/10/20 10:13:19,39
2023/10/20 13:43:20,42
2023/10/20 13:53:20,45
2023/10/20 14:03:19,47
2023/10/20 15:13:19,48
2023/10/20 15:23:19,47
2023/10/20 15:53:19,46
2023/10/20 17:03:19,45
2023/10/20 17:13:19,43
2023/10/20 17:23:19,41
2023/10/20 17:33:19,40
2023/10/20 17:43:19,39
2023/10/20 18:10:51,34
2023/10/20 18:20:44,35
2023/10/20 18:32:06,37
2023/10/20 18:41:50,38
2023/10/20 19:01:49,39
2023/10/20 19:41:49,38
2023/10/20 21:51:49,37
2023/10/20 22:41:49,38
2023/10/20 23:31:50,39
2023/10/20 23:41:50,38
2023/10/20 23:51:50,41
2023/10/21 00:01:50,39
2023/10/21 00:11:50,41
2023/10/21 00:21:50,40
2023/10/21 00:31:50,41
2023/10/21 00:41:50,40
2023/10/21 00:51:50,41
2023/10/21 01:01:50,40
2023/10/21 01:11:50,42
2023/10/21 01:21:50,40
2023/10/21 01:31:50,42
2023/10/21 01:41:50,40
2023/10/21 01:51:50,42
2023/10/21 02:01:50,40
2023/10/21 02:11:50,41
2023/10/21 02:21:50,40
2023/10/21 02:31:50,42
2023/10/21 02:41:50,40
2023/10/21 02:51:50,41
2023/10/21 03:01:50,39
2023/10/21 03:11:50,41
2023/10/21 03:21:50,40
2023/10/21 03:31:50,41
2023/10/21 03:41:50,39
2023/10/21 03:51:50,41
2023/10/21 04:01:50,39
2023/10/21 04:11:50,41
2023/10/21 04:21:50,39
2023/10/21 04:31:50,41
2023/10/21 04:41:50,39
2023/10/21 05:11:50,38
2023/10/21 14:41:50,39
2023/10/21 16:31:50,38
2023/10/21 23:01:52,39
2023/10/21 23:31:52,43
2023/10/21 23:41:52,45
2023/10/21 23:51:52,46
2023/10/22 00:01:52,47
2023/10/22 00:21:52,48
2023/10/22 00:31:52,49
2023/10/22 01:51:52,48
2023/10/22 04:11:52,47
2023/10/22 08:31:52,46
2023/10/22 10:21:52,47
2023/10/22 10:51:52,46
2023/10/22 11:11:52,45
2023/10/22 11:51:52,46
2023/10/22 12:31:52,47
2023/10/22 13:41:08,32
2023/10/22 13:50:52,35
2023/10/22 14:00:52,36
2023/10/22 14:10:52,37
2023/10/22 14:20:52,42
2023/10/22 14:30:52,43
2023/10/22 14:40:53,46
2023/10/22 14:50:52,45
2023/10/22 15:00:52,46
2023/10/22 15:10:52,44
2023/10/22 15:20:52,42
2023/10/22 15:30:52,41
2023/10/22 16:40:52,40
2023/10/22 16:50:52,42
2023/10/22 17:00:52,45
2023/10/22 17:10:52,47
2023/10/22 17:30:52,45
2023/10/22 17:40:52,44
2023/10/22 17:50:52,43
2023/10/22 18:00:52,42
2023/10/22 18:10:52,41
2023/10/22 18:40:52,40
2023/10/22 19:20:52,44
2023/10/22 19:30:52,42
2023/10/22 19:50:52,41
2023/10/22 20:00:52,40
2023/10/22 20:20:52,39
2023/10/22 20:40:52,40
2023/10/22 20:50:52,39
2023/10/22 21:00:52,40
2023/10/22 21:10:52,39
2023/10/22 22:10:52,40
2023/10/22 22:40:52,39
2023/10/22 22:50:52,40
2023/10/22 23:20:52,39
2023/10/23 00:10:52,40
2023/10/23 00:30:52,39
2023/10/23 00:40:52,40
2023/10/23 00:50:52,39
2023/10/23 01:10:52,41
2023/10/23 01:20:52,40
2023/10/23 01:30:52,41
2023/10/23 01:40:52,40
2023/10/23 06:51:30,27
2023/10/23 07:01:24,32
2023/10/23 07:11:24,33
2023/10/23 07:21:24,37
2023/10/23 07:31:24,38
2023/10/23 07:51:25,39
2023/10/23 08:01:24,40
2023/10/23 08:21:24,39
2023/10/23 09:21:24,40
2023/10/23 09:31:24,39
2023/10/23 09:41:24,41
2023/10/23 09:51:24,39
2023/10/23 10:01:24,41
2023/10/23 10:11:24,39
2023/10/23 10:21:24,41
2023/10/23 10:31:24,39
2023/10/23 10:41:24,41
2023/10/23 10:51:25,42
2023/10/23 11:01:24,43
2023/10/23 11:11:24,42
2023/10/23 11:21:25,40
2023/10/23 11:51:24,39
2023/10/23 12:01:24,41
2023/10/23 12:11:24,39
2023/10/23 12:21:24,41
2023/10/23 12:31:24,39
2023/10/23 12:41:24,41
2023/10/23 12:51:24,40
2023/10/23 13:11:24,39
2023/10/23 13:38:47,37
2023/10/23 14:08:41,38
2023/10/23 20:18:43,36
2023/10/23 20:28:43,37
2023/10/23 20:38:43,40
2023/10/23 20:48:43,39
2023/10/23 22:38:43,40
2023/10/24 00:48:43,42
2023/10/24 00:58:43,45
2023/10/24 01:08:43,42
2023/10/24 01:18:43,40
2023/10/24 01:38:43,39
2023/10/24 01:58:43,38
2023/10/24 09:28:43,39
2023/10/24 09:38:43,38
2023/10/24 09:58:43,39
2023/10/24 10:58:44,42
2023/10/24 11:18:43,44
2023/10/24 11:28:43,45
2023/10/24 11:38:43,42
2023/10/24 11:48:43,41
2023/10/24 11:58:43,40
2023/10/24 12:48:43,39
2023/10/24 13:08:43,41
2023/10/24 13:18:43,40
2023/10/24 13:28:43,42
2023/10/24 13:38:43,40
2023/10/24 13:48:43,41
2023/10/24 13:58:43,40
2023/10/24 14:08:43,43
2023/10/24 14:18:43,41
2023/10/24 14:38:43,40
2023/10/24 14:48:43,41
2023/10/24 14:58:43,40
2023/10/24 15:08:43,43
2023/10/24 15:18:43,41
2023/10/24 15:28:43,43
2023/10/24 15:38:43,41
2023/10/24 15:48:43,42
2023/10/24 15:58:43,39
2023/10/24 16:08:43,41
2023/10/24 16:18:43,39
2023/10/24 16:28:43,40
2023/10/24 16:38:43,38
2023/10/24 16:48:43,40
2023/10/24 16:58:43,38
2023/10/24 17:08:43,40
2023/10/24 17:18:43,38
2023/10/24 17:28:43,39
2023/10/24 17:38:44,38
2023/10/24 17:48:43,37
2023/10/24 18:36:45,29
2023/10/24 18:46:38,32
2023/10/24 18:51:24,33
2023/10/24 19:01:03,35
2023/10/24 19:21:03,38
2023/10/24 19:31:03,37
2023/10/24 20:21:03,36
2023/10/24 20:31:03,37
2023/10/24 20:41:03,36
2023/10/24 23:31:03,37
2023/10/25 04:51:03,38
2023/10/25 07:31:03,37
2023/10/25 07:41:03,38
2023/10/25 07:51:03,37
2023/10/25 08:01:03,38
2023/10/25 13:31:03,39
2023/10/25 14:11:03,38
2023/10/25 14:41:03,39
2023/10/25 14:51:03,38
2023/10/25 18:31:03,39
2023/10/25 19:41:03,40
2023/10/25 20:21:03,43
2023/10/25 20:31:05,41
2023/10/25 20:41:05,43
2023/10/25 21:01:05,41
2023/10/25 21:21:05,40
2023/10/25 23:11:05,41
2023/10/25 23:21:05,40
2023/10/26 00:01:05,41
2023/10/26 00:21:05,40
2023/10/26 00:51:05,41
2023/10/26 01:11:05,40
2023/10/26 01:21:05,42
2023/10/26 01:31:05,41
2023/10/26 01:41:05,42
2023/10/26 01:51:05,41
2023/10/26 02:01:05,43
2023/10/26 02:11:05,41
2023/10/26 02:21:05,42
2023/10/26 02:31:05,40
2023/10/26 02:41:05,42
2023/10/26 02:51:05,40
2023/10/26 03:01:05,42
2023/10/26 03:11:05,40
2023/10/26 03:21:05,41
2023/10/26 03:31:05,40
2023/10/26 03:41:05,41
2023/10/26 03:51:05,39
2023/10/26 04:21:05,42
2023/10/26 04:31:05,40
2023/10/26 04:41:05,41
2023/10/26 04:51:05,39
2023/10/26 05:01:05,40
2023/10/26 05:11:05,39
2023/10/26 05:31:05,38
2023/10/26 14:41:05,37
2023/10/26 15:21:05,38
2023/10/26 16:31:05,39
2023/10/26 19:41:06,38
2023/10/26 19:51:06,40
2023/10/26 20:01:06,41
2023/10/26 20:11:06,40
2023/10/26 20:21:06,39
2023/10/26 20:41:06,38
2023/10/26 21:41:06,37
2023/10/26 21:51:06,38
2023/10/26 22:11:06,39
2023/10/27 00:01:06,40
2023/10/27 00:11:06,39
2023/10/27 14:15:57,27
2023/10/27 14:25:50,31
2023/10/27 14:35:50,33
2023/10/27 14:45:50,35
2023/10/27 14:55:51,36
2023/10/27 15:07:58,37
2023/10/27 15:17:41,38
2023/10/27 18:37:41,39
2023/10/27 18:47:41,41
2023/10/27 18:57:41,40
2023/10/27 19:17:41,39
2023/10/27 19:27:42,42
2023/10/27 19:37:42,41
2023/10/27 19:47:42,42
2023/10/27 19:57:42,40
2023/10/27 20:07:42,42
2023/10/27 20:17:42,40
2023/10/27 20:47:42,39
2023/10/27 22:03:55,40
2023/10/27 22:13:39,41
2023/10/27 22:33:38,40
2023/10/27 22:53:38,39
2023/10/27 23:23:38,40
2023/10/28 00:23:38,41
2023/10/28 00:33:38,40
2023/10/28 02:13:38,42
2023/10/28 02:23:38,40
2023/10/28 02:33:38,42
2023/10/28 02:43:38,40
2023/10/28 02:53:38,42
2023/10/28 03:03:38,40
2023/10/28 03:13:38,42
2023/10/28 03:23:38,40
2023/10/28 03:33:38,41
2023/10/28 03:43:38,40
2023/10/28 03:53:38,41
2023/10/28 04:03:38,39
2023/10/28 04:13:38,41
2023/10/28 04:23:38,39
2023/10/28 04:33:38,41
2023/10/28 04:43:38,39
2023/10/28 04:53:38,41
2023/10/28 05:03:38,39
2023/10/28 05:13:38,41
2023/10/28 05:23:38,39
2023/10/28 05:53:38,38
2023/10/28 10:53:38,39
2023/10/28 12:03:38,40
2023/10/28 16:53:38,39
2023/10/28 18:03:38,38
2023/10/28 18:43:38,39
2023/10/28 21:23:38,40
2023/10/29 01:23:38,41
2023/10/29 01:53:38,40
2023/10/29 02:33:38,41
2023/10/29 02:43:38,40
2023/10/29 02:43:40,39
2023/10/29 04:23:40,38
2023/10/29 04:33:40,40
2023/10/29 04:43:40,39
2023/10/29 04:53:40,41
2023/10/29 05:03:40,40
2023/10/29 05:13:40,41
2023/10/29 05:23:40,40
2023/10/29 05:33:40,41
2023/10/29 05:43:40,40
2023/10/29 05:53:40,42
2023/10/29 06:03:43,40
2023/10/29 06:13:40,42
2023/10/29 06:23:40,40
2023/10/29 06:33:40,42
2023/10/29 06:43:40,40
2023/10/29 06:53:40,42
2023/10/29 07:03:40,40
2023/10/29 07:13:40,42
2023/10/29 07:23:40,40
2023/10/29 07:33:40,42
2023/10/29 07:43:40,40
2023/10/29 07:53:40,42
2023/10/29 08:03:40,40
2023/10/29 08:13:40,42
2023/10/29 08:23:40,40
2023/10/29 08:33:40,41
2023/10/29 08:43:41,40
2023/10/29 08:53:40,41
2023/10/29 09:03:40,40
2023/10/29 09:13:40,41
2023/10/29 09:23:40,40
2023/10/29 09:33:40,41
2023/10/29 09:43:40,40
2023/10/29 10:03:40,39
2023/10/29 11:23:40,38
2023/10/29 15:23:40,39
2023/10/29 15:53:40,40
2023/10/29 17:23:40,41
2023/10/29 17:33:40,40
2023/10/29 19:03:40,41
2023/10/29 19:13:41,42
2023/10/29 19:33:41,41
2023/10/29 19:53:41,42
2023/10/29 20:53:41,43
2023/10/29 21:03:41,42
2023/10/29 21:23:41,41
2023/10/29 21:33:41,43
2023/10/29 21:43:41,41
2023/10/29 21:53:41,40
2023/10/29 22:23:41,41
2023/10/29 22:33:41,40
2023/10/29 22:43:41,41
2023/10/30 02:03:41,40
2023/10/30 03:23:41,41
2023/10/30 03:43:41,40
2023/10/30 04:53:41,39
2023/10/30 08:43:41,40
2023/10/30 09:13:41,39
2023/10/30 09:53:41,41
2023/10/30 10:03:41,40
2023/10/30 10:13:41,41
2023/10/30 10:23:41,42
2023/10/30 11:03:41,41
2023/10/30 11:13:41,42
2023/10/30 11:23:41,41
2023/10/30 11:33:41,42
2023/10/30 11:43:41,41
2023/10/30 11:53:41,42
2023/10/30 12:03:41,41
2023/10/30 12:13:41,42
2023/10/30 12:23:41,40
2023/10/30 12:33:41,42
2023/10/30 12:43:41,40
2023/10/30 12:53:41,42
2023/10/30 13:03:41,40
2023/10/30 13:13:41,42
2023/10/30 13:23:41,41
2023/10/30 15:13:41,40
2023/10/30 15:33:41,41
2023/10/30 15:53:41,40
2023/10/30 16:13:41,41
2023/10/30 17:23:41,40
2023/10/30 20:03:43,41
2023/10/30 20:13:43,40
2023/10/30 20:33:43,42
2023/10/30 20:53:43,41
2023/10/30 21:03:43,44
2023/10/30 21:13:44,42
2023/10/30 21:33:43,41
2023/10/30 21:43:43,40
2023/10/30 21:53:43,42
2023/10/30 22:13:43,40
2023/10/30 22:23:43,39
2023/10/30 22:53:43,38
2023/10/30 23:53:43,41
2023/10/31 00:03:43,39
2023/10/31 00:13:43,41
2023/10/31 00:23:43,39
2023/10/31 00:33:43,41
2023/10/31 00:43:43,40
2023/10/31 00:53:43,41
2023/10/31 01:03:43,39
2023/10/31 01:13:43,41
2023/10/31 01:23:43,39
2023/10/31 01:33:43,41
2023/10/31 01:43:43,39
2023/10/31 02:13:44,38
2023/10/31 06:53:43,39
2023/10/31 07:35:19,40
2023/10/31 07:45:19,39
2023/10/31 09:05:19,40
2023/10/31 09:15:19,39
2023/10/31 16:15:19,40
2023/10/31 16:25:19,39
2023/10/31 18:45:19,38
2023/10/31 19:25:19,41
2023/10/31 19:35:19,43
2023/10/31 19:45:19,41
2023/10/31 19:55:19,40
2023/10/31 20:35:19,39
2023/10/31 23:55:19,40
2023/11/01 00:05:19,41
2023/11/01 00:25:19,40
2023/11/01 00:45:19,39
2023/11/01 01:52:03,40
2023/11/01 02:02:03,39
2023/11/01 02:12:03,42
2023/11/01 02:22:03,40
2023/11/01 02:32:03,42
2023/11/01 02:42:03,40
2023/11/01 02:52:03,42
2023/11/01 03:02:03,41
2023/11/01 03:12:03,42
2023/11/01 03:22:03,41
2023/11/01 03:32:03,42
2023/11/01 03:42:03,40
2023/11/01 03:52:03,42
2023/11/01 04:02:03,40
2023/11/01 04:12:03,42
2023/11/01 04:22:03,41
2023/11/01 04:32:03,42
2023/11/01 04:42:03,41
2023/11/01 04:52:03,42
2023/11/01 05:02:03,40
2023/11/01 05:12:03,42
2023/11/01 05:22:03,40
2023/11/01 05:32:03,42
2023/11/01 05:42:03,40
2023/11/01 05:52:03,42
2023/11/01 06:02:03,40
2023/11/01 06:12:03,42
2023/11/01 06:22:03,40
2023/11/01 06:32:03,42
2023/11/01 06:42:03,40
2023/11/01 06:52:03,42
2023/11/01 07:22:03,41
2023/11/01 07:42:03,42
2023/11/01 07:52:03,41
2023/11/01 11:52:03,40
2023/11/01 12:02:03,41
2023/11/01 12:32:03,40
2023/11/01 13:02:03,39
2023/11/01 17:42:07,38
