2023/10/16 20:58:13,41
2023/10/16 21:06:50,39
2023/10/16 21:58:09,38
2023/10/16 22:18:09,39
2023/10/16 23:08:09,41
2023/10/16 23:18:09,38
2023/10/16 23:48:09,41
2023/10/16 23:58:09,39
2023/10/17 00:18:09,38
2023/10/17 00:28:10,39
2023/10/17 00:38:10,36
2023/10/17 00:48:10,33
2023/10/17 00:58:10,35
2023/10/17 01:08:10,33
2023/10/17 01:28:10,32
2023/10/17 02:08:10,33
2023/10/17 02:28:10,32
2023/10/17 02:38:10,33
2023/10/17 02:48:10,32
2023/10/17 03:08:11,35
2023/10/17 03:18:10,32
2023/10/17 03:38:10,33
2023/10/17 03:48:10,32
2023/10/17 04:08:10,36
2023/10/17 04:18:10,32
2023/10/17 05:08:10,33
2023/10/17 05:18:10,32
2023/10/17 05:48:10,31
2023/10/17 05:58:10,32
2023/10/17 06:18:10,33
2023/10/17 06:28:10,32
2023/10/17 06:38:11,35
2023/10/17 06:48:10,32
2023/10/17 06:58:10,33
2023/10/17 07:08:10,35
2023/10/17 07:18:10,37
2023/10/17 08:08:10,38
2023/10/17 08:18:10,37
2023/10/17 08:38:10,38
2023/10/17 08:48:10,37
2023/10/17 09:28:10,38
2023/10/17 09:38:10,37
2023/10/17 09:48:10,38
2023/10/17 09:58:10,37
2023/10/17 10:18:10,38
2023/10/17 10:28:10,37
2023/10/17 10:38:10,39
2023/10/17 10:48:10,44
2023/10/17 10:58:10,42
2023/10/17 11:08:10,41
2023/10/17 11:18:10,38
2023/10/17 11:38:10,39
2023/10/17 11:58:10,38
2023/10/17 12:08:10,42
2023/10/17 12:18:10,39
2023/10/17 12:28:10,38
2023/10/17 12:48:10,39
2023/10/17 13:08:10,38
2023/10/17 13:28:10,39
2023/10/17 14:08:10,41
2023/10/17 14:28:10,39
2023/10/17 14:48:10,42
2023/10/17 14:58:10,39
2023/10/17 15:28:10,41
2023/10/17 15:38:10,39
2023/10/17 15:48:10,38
2023/10/17 15:58:10,39
2023/10/17 16:58:10,38
2023/10/17 17:28:10,39
2023/10/17 17:38:10,37
2023/10/17 17:48:10,35
2023/10/17 18:08:10,37
2023/10/17 19:28:10,38
2023/10/17 19:38:10,37
2023/10/17 21:28:11,38
2023/10/17 21:38:11,36
2023/10/17 21:58:11,37
2023/10/17 22:08:11,35
2023/10/17 22:18:11,32
2023/10/17 22:38:11,31
2023/10/18 00:18:11,32
2023/10/18 00:48:11,31
2023/10/18 01:18:11,30
2023/10/18 01:28:11,31
2023/10/18 01:38:11,32
2023/10/18 01:48:11,31
2023/10/18 01:58:11,32
2023/10/18 02:18:11,31
2023/10/18 03:28:11,32
2023/10/18 03:38:11,31
2023/10/18 04:08:11,32
2023/10/18 04:18:11,31
2023/10/18 04:38:11,32
2023/10/18 04:48:11,31
2023/10/18 04:58:11,32
2023/10/18 05:08:11,31
2023/10/18 05:48:11,32
2023/10/18 05:58:11,31
2023/10/18 06:38:11,33
2023/10/18 06:48:11,31
2023/10/18 07:18:11,32
2023/10/18 07:48:11,31
2023/10/18 08:08:11,32
2023/10/18 08:18:11,35
2023/10/18 08:28:11,37
2023/10/18 08:38:11,35
2023/10/18 08:48:11,38
2023/10/18 08:58:11,47
2023/10/18 09:08:11,45
2023/10/18 09:28:11,47
2023/10/18 09:38:11,45
2023/10/18 09:48:11,39
2023/10/18 09:58:11,47
2023/10/18 10:08:11,49
2023/10/18 10:18:11,39
2023/10/18 10:48:11,38
2023/10/18 11:08:11,37
2023/10/18 11:28:11,38
2023/10/18 11:38:11,37
2023/10/18 11:58:11,36
2023/10/18 12:28:11,38
2023/10/18 12:58:11,41
2023/10/18 13:38:11,39
2023/10/18 13:48:11,38
2023/10/18 14:08:11,42
2023/10/18 14:18:11,43
2023/10/18 14:28:11,41
2023/10/18 14:58:11,38
2023/10/18 15:28:11,37
2023/10/18 15:38:11,38
2023/10/18 15:48:11,37
2023/10/18 16:08:11,38
2023/10/18 16:18:11,37
2023/10/18 16:38:11,36
2023/10/18 16:48:11,35
2023/10/18 16:58:11,33
2023/10/18 17:20:48,31
2023/10/18 17:30:47,35
2023/10/18 17:40:47,36
2023/10/18 18:10:47,37
2023/10/18 18:20:47,41
2023/10/18 18:30:47,38
2023/10/18 18:40:47,39
2023/10/18 19:20:47,44
2023/10/18 19:30:47,41
2023/10/18 19:40:47,39
2023/10/18 20:00:47,41
2023/10/18 20:10:47,39
2023/10/18 20:20:47,41
2023/10/18 20:30:47,39
2023/10/18 21:00:47,41
2023/10/18 21:20:47,39
2023/10/18 21:30:47,38
2023/10/18 21:40:47,39
2023/10/18 23:10:47,38
2023/10/18 23:40:47,37
2023/10/18 23:50:47,38
2023/10/19 00:00:47,39
2023/10/19 00:10:47,35
2023/10/19 11:12:22,24
2023/10/19 11:22:21,32
2023/10/19 11:32:22,35
2023/10/19 11:42:21,37
2023/10/19 11:52:21,38
2023/10/19 12:22:21,43
2023/10/19 12:32:21,38
2023/10/19 12:42:21,41
2023/10/19 12:52:21,42
2023/10/19 13:02:21,39
2023/10/19 13:32:21,38
2023/10/19 15:02:21,39
2023/10/19 15:12:21,38
2023/10/19 15:22:21,39
2023/10/19 15:32:21,41
2023/10/19 15:42:21,39
2023/10/19 15:52:21,41
2023/10/19 16:02:21,45
2023/10/19 16:12:21,47
2023/10/19 16:42:21,44
2023/10/19 16:52:21,47
2023/10/19 17:02:21,45
2023/10/19 17:12:21,47
2023/10/19 17:22:21,42
2023/10/19 17:32:21,38
2023/10/19 18:12:27,30
2023/10/19 18:22:26,41
2023/10/19 18:32:26,43
2023/10/19 19:21:19,29
2023/10/19 19:31:18,35
2023/10/19 19:43:32,42
2023/10/19 19:53:17,38
2023/10/19 20:13:19,35
2023/10/19 20:33:19,33
2023/10/19 20:43:19,35
2023/10/19 20:53:19,33
2023/10/19 21:43:19,35
2023/10/19 22:13:19,36
2023/10/19 22:23:19,35
2023/10/19 22:43:19,36
2023/10/19 22:53:19,35
2023/10/19 23:13:19,36
2023/10/19 23:53:19,35
2023/10/20 00:23:19,36
2023/10/20 00:43:19,37
2023/10/20 00:53:19,36
2023/10/20 02:53:19,35
2023/10/20 03:03:19,36
2023/10/20 05:13:19,35
2023/10/20 05:23:19,36
2023/10/20 06:03:19,35
2023/10/20 06:13:19,36
2023/10/20 06:33:19,35
2023/10/20 06:43:19,39
2023/10/20 06:53:19,36
2023/10/20 07:13:19,35
2023/10/20 07:23:19,36
2023/10/20 07:33:19,35
2023/10/20 07:43:19,36
2023/10/20 07:53:19,35
2023/10/20 08:13:19,36
2023/10/20 08:23:19,35
2023/10/20 08:33:19,36
2023/10/20 08:43:19,35
2023/10/20 08:53:19,36
2023/10/20 09:43:19,37
2023/10/20 09:53:19,42
2023/10/20 10:03:19,44
2023/10/20 10:13:19,53
2023/10/20 10:23:19,39
2023/10/20 10:33:19,43
2023/10/20 10:43:19,42
2023/10/20 11:03:19,47
2023/10/20 11:13:19,41
2023/10/20 11:23:19,42
2023/10/20 11:33:19,43
2023/10/20 11:43:19,45
2023/10/20 11:53:19,48
2023/10/20 12:03:19,41
2023/10/20 12:23:19,39
2023/10/20 12:33:19,42
2023/10/20 12:43:19,41
2023/10/20 12:53:19,39
2023/10/20 13:03:19,42
2023/10/20 13:13:19,43
2023/10/20 13:23:19,44
2023/10/20 13:33:19,39
2023/10/20 13:53:19,41
2023/10/20 14:03:19,38
2023/10/20 14:23:19,41
2023/10/20 14:33:19,47
2023/10/20 14:43:19,41
2023/10/20 14:53:19,42
2023/10/20 15:13:19,41
2023/10/20 15:23:19,42
2023/10/20 15:33:19,41
2023/10/20 15:43:19,39
2023/10/20 16:03:19,42
2023/10/20 16:13:19,41
2023/10/20 16:23:19,54
2023/10/20 16:33:19,45
2023/10/20 16:43:19,41
2023/10/20 16:53:19,38
2023/10/20 17:13:19,50
2023/10/20 17:23:19,41
2023/10/20 17:33:19,39
2023/10/20 17:43:19,42
2023/10/20 18:10:45,31
2023/10/20 18:20:44,38
2023/10/20 18:32:06,44
2023/10/20 18:41:49,53
2023/10/20 18:51:49,38
2023/10/20 19:11:49,37
2023/10/20 19:41:49,36
2023/10/20 21:11:49,35
2023/10/20 21:31:49,36
2023/10/20 21:41:49,37
2023/10/20 21:51:49,35
2023/10/20 22:01:49,36
2023/10/20 22:11:49,35
2023/10/20 22:31:49,36
2023/10/20 23:31:50,37
2023/10/20 23:51:50,38
2023/10/21 00:01:50,37
2023/10/21 01:21:50,38
2023/10/21 01:31:50,37
2023/10/21 02:01:50,38
2023/10/21 02:11:50,37
2023/10/21 02:31:50,36
2023/10/21 05:01:50,37
2023/10/21 05:11:50,36
2023/10/21 06:31:50,39
2023/10/21 06:41:50,36
2023/10/21 09:01:50,37
2023/10/21 09:11:50,36
2023/10/21 13:01:50,37
2023/10/21 15:41:50,38
2023/10/21 15:51:50,37
2023/10/21 16:21:50,36
2023/10/21 18:11:50,35
2023/10/21 18:21:50,36
2023/10/21 18:41:50,38
2023/10/21 18:51:50,36
2023/10/21 22:31:51,37
2023/10/22 00:41:51,36
2023/10/22 03:21:51,37
2023/10/22 03:41:51,36
2023/10/22 04:51:51,38
2023/10/22 05:01:51,36
2023/10/22 07:51:51,37
2023/10/22 08:01:51,36
2023/10/22 12:21:51,38
2023/10/22 12:31:51,37
2023/10/22 13:41:07,38
2023/10/22 13:50:52,41
2023/10/22 14:10:52,37
2023/10/22 14:40:52,38
2023/10/22 14:50:52,37
2023/10/22 15:20:52,38
2023/10/22 15:30:52,37
2023/10/22 16:20:52,38
2023/10/22 16:30:52,37
2023/10/22 16:40:52,38
2023/10/22 17:20:52,39
2023/10/22 17:30:52,38
2023/10/22 17:40:52,37
2023/10/22 17:50:52,38
2023/10/22 18:00:52,37
2023/10/22 18:10:52,44
2023/10/22 18:20:52,38
2023/10/22 18:30:52,37
2023/10/22 18:50:52,38
2023/10/22 19:00:52,37
2023/10/22 19:10:52,38
2023/10/22 19:20:52,37
2023/10/22 19:30:52,38
2023/10/22 19:40:52,37
2023/10/22 20:00:52,38
2023/10/23 01:50:53,42
2023/10/23 02:00:53,33
2023/10/23 06:51:25,21
2023/10/23 07:01:24,31
2023/10/23 07:11:24,33
2023/10/23 07:21:24,35
2023/10/23 07:31:24,36
2023/10/23 07:41:24,38
2023/10/23 07:51:24,39
2023/10/23 08:01:24,36
2023/10/23 08:11:24,37
2023/10/23 08:21:24,38
2023/10/23 08:31:24,36
2023/10/23 08:41:24,37
2023/10/23 09:01:24,39
2023/10/23 09:11:24,41
2023/10/23 09:21:24,43
2023/10/23 09:31:24,38
2023/10/23 09:51:24,39
2023/10/23 10:01:24,43
2023/10/23 10:11:24,44
2023/10/23 10:21:24,50
2023/10/23 10:31:24,53
2023/10/23 10:41:24,49
2023/10/23 10:51:24,39
2023/10/23 11:01:24,42
2023/10/23 11:11:24,38
2023/10/23 11:21:24,39
2023/10/23 11:31:24,37
2023/10/23 12:01:24,42
2023/10/23 12:21:24,41
2023/10/23 12:31:24,38
2023/10/23 12:41:24,37
2023/10/23 13:01:24,43
2023/10/23 13:11:24,38
2023/10/23 13:21:25,35
2023/10/23 13:38:42,32
2023/10/23 13:48:41,37
2023/10/23 14:28:41,53
2023/10/23 14:38:41,41
2023/10/23 14:48:41,38
2023/10/23 14:58:41,33
2023/10/23 15:08:41,32
2023/10/23 15:28:41,35
2023/10/23 15:38:41,32
2023/10/23 15:48:41,35
2023/10/23 15:58:41,33
2023/10/23 16:08:41,32
2023/10/23 16:18:41,31
2023/10/23 16:58:41,32
2023/10/23 17:08:41,31
2023/10/23 17:18:41,32
2023/10/23 17:28:41,31
2023/10/23 17:48:42,32
2023/10/23 17:58:41,31
2023/10/23 18:18:41,32
2023/10/23 18:28:41,31
2023/10/23 18:38:41,32
2023/10/23 19:18:41,41
2023/10/23 19:28:42,33
2023/10/23 19:38:42,31
2023/10/23 20:18:42,30
2023/10/23 20:28:42,31
2023/10/23 20:38:42,35
2023/10/23 20:48:42,36
2023/10/23 20:58:42,37
2023/10/23 21:18:42,38
2023/10/23 23:08:42,39
2023/10/24 00:48:42,38
2023/10/24 00:58:42,35
2023/10/24 01:08:42,33
2023/10/24 01:18:42,32
2023/10/24 01:38:42,31
2023/10/24 01:48:42,32
2023/10/24 01:58:42,31
2023/10/24 03:18:42,32
2023/10/24 03:28:42,31
2023/10/24 07:08:42,37
2023/10/24 07:18:42,38
2023/10/24 07:28:43,37
2023/10/24 07:38:42,36
2023/10/24 07:48:42,33
2023/10/24 07:58:42,36
2023/10/24 08:08:42,37
2023/10/24 08:58:42,38
2023/10/24 09:08:42,37
2023/10/24 09:28:42,39
2023/10/24 09:38:42,53
2023/10/24 10:08:42,56
2023/10/24 10:18:42,54
2023/10/24 10:28:42,56
2023/10/24 10:38:42,53
2023/10/24 10:48:42,55
2023/10/24 10:58:42,42
2023/10/24 11:08:42,44
2023/10/24 11:18:42,42
2023/10/24 11:28:42,41
2023/10/24 11:38:42,39
2023/10/24 11:58:42,38
2023/10/24 12:18:42,55
2023/10/24 12:28:42,39
2023/10/24 13:28:42,38
2023/10/24 13:38:42,41
2023/10/24 13:48:42,38
2023/10/24 14:28:42,39
2023/10/24 14:38:42,38
2023/10/24 15:38:42,37
2023/10/24 16:28:42,36
2023/10/24 17:38:43,35
2023/10/24 17:48:42,32
2023/10/24 18:36:38,26
2023/10/24 18:46:37,38
2023/10/24 18:51:24,43
2023/10/24 19:11:03,38
2023/10/24 19:21:03,36
2023/10/24 19:41:03,35
2023/10/24 19:51:03,36
2023/10/24 20:11:03,35
2023/10/24 20:21:03,37
2023/10/24 20:31:03,35
2023/10/24 22:11:03,38
2023/10/24 22:21:03,35
2023/10/24 22:31:03,33
2023/10/24 23:21:03,35
2023/10/25 00:11:03,36
2023/10/25 06:41:03,38
2023/10/25 06:51:03,41
2023/10/25 07:01:03,36
2023/10/25 08:51:03,41
2023/10/25 09:01:03,37
2023/10/25 09:41:03,38
2023/10/25 09:51:03,37
2023/10/25 10:21:03,39
2023/10/25 10:31:03,37
2023/10/25 11:41:03,36
2023/10/25 11:51:03,37
2023/10/25 12:01:03,38
2023/10/25 12:11:03,37
2023/10/25 12:21:03,38
2023/10/25 12:41:03,37
2023/10/25 12:51:03,38
2023/10/25 13:01:03,37
2023/10/25 13:11:03,38
2023/10/25 13:21:03,37
2023/10/25 13:31:03,38
2023/10/25 13:51:03,37
2023/10/25 14:11:03,38
2023/10/25 16:11:03,37
2023/10/25 17:31:03,42
2023/10/25 17:41:03,37
2023/10/25 19:21:03,38
2023/10/25 19:31:03,37
2023/10/25 20:11:03,38
2023/10/25 20:21:03,37
2023/10/25 20:31:05,38
2023/10/25 21:01:05,39
2023/10/25 22:01:05,41
2023/10/25 22:11:05,39
2023/10/25 22:51:05,41
2023/10/25 23:01:05,39
2023/10/25 23:11:05,41
2023/10/26 00:01:05,39
2023/10/26 00:11:05,41
2023/10/26 02:01:05,39
2023/10/26 02:11:05,38
2023/10/26 02:31:05,37
2023/10/26 06:51:05,39
2023/10/26 07:01:05,37
2023/10/26 10:41:05,36
2023/10/26 10:51:05,37
2023/10/26 11:51:05,42
2023/10/26 12:01:05,39
2023/10/26 12:11:05,37
2023/10/26 12:31:05,36
2023/10/26 12:41:05,37
2023/10/26 13:01:05,36
2023/10/26 13:11:05,37
2023/10/26 13:21:05,38
2023/10/26 13:31:05,37
2023/10/26 14:41:05,36
2023/10/26 15:11:05,37
2023/10/26 16:21:05,39
2023/10/26 16:31:05,42
2023/10/26 16:41:05,45
2023/10/26 16:51:05,51
2023/10/26 17:11:05,39
2023/10/26 17:31:05,38
2023/10/26 17:41:05,37
2023/10/26 18:31:05,38
2023/10/26 19:01:05,39
2023/10/26 19:11:06,37
2023/10/26 19:41:06,33
2023/10/26 19:51:06,37
2023/10/26 20:11:06,38
2023/10/26 20:21:06,37
2023/10/26 21:51:06,38
2023/10/26 22:01:06,37
2023/10/26 22:11:06,38
2023/10/26 22:41:06,41
2023/10/26 22:51:06,39
2023/10/26 23:11:06,41
2023/10/26 23:21:06,39
2023/10/26 23:51:06,41
2023/10/27 00:01:06,37
2023/10/27 00:11:06,35
2023/10/27 14:15:51,23
2023/10/27 14:25:50,31
2023/10/27 14:35:50,33
2023/10/27 14:45:50,36
2023/10/27 14:55:50,37
2023/10/27 15:07:58,45
2023/10/27 15:17:40,38
2023/10/27 15:27:40,37
2023/10/27 15:47:40,36
2023/10/27 16:27:40,37
2023/10/27 16:47:40,36
2023/10/27 18:07:40,39
2023/10/27 18:17:40,37
2023/10/27 19:07:40,38
2023/10/27 19:27:42,39
2023/10/27 19:37:42,37
2023/10/27 20:07:42,38
2023/10/27 20:17:42,37
2023/10/27 20:27:42,38
2023/10/27 20:47:42,37
2023/10/27 21:07:42,38
2023/10/27 21:17:42,37
2023/10/27 21:27:42,38
2023/10/27 21:47:42,39
2023/10/27 21:50:14,41
2023/10/27 21:57:42,39
2023/10/27 22:00:29,38
2023/10/27 22:03:54,44
2023/10/27 22:13:39,41
2023/10/27 22:23:38,38
2023/10/27 22:33:38,39
2023/10/27 23:43:38,41
2023/10/27 23:53:38,39
2023/10/28 00:03:38,41
2023/10/28 00:13:38,39
2023/10/28 01:33:38,41
2023/10/28 01:43:38,39
2023/10/28 02:23:38,38
2023/10/28 02:43:38,37
2023/10/28 03:03:38,36
2023/10/28 03:43:38,37
2023/10/28 03:53:38,36
2023/10/28 08:03:38,39
2023/10/28 08:13:38,37
2023/10/28 08:23:38,36
2023/10/28 08:43:38,37
2023/10/28 08:53:38,36
2023/10/28 10:13:38,37
2023/10/28 10:23:38,36
2023/10/28 10:43:38,37
2023/10/28 11:33:38,38
2023/10/28 11:43:38,37
2023/10/28 11:53:38,38
2023/10/28 12:03:38,49
2023/10/28 12:13:38,39
2023/10/28 12:23:38,38
2023/10/28 13:13:38,39
2023/10/28 13:33:38,38
2023/10/28 13:43:38,39
2023/10/28 14:43:38,38
2023/10/28 16:03:38,39
2023/10/28 16:13:38,38
2023/10/28 16:43:38,39
2023/10/28 16:53:38,38
2023/10/28 17:13:38,37
2023/10/28 17:53:38,36
2023/10/28 18:13:38,37
2023/10/28 18:23:38,36
2023/10/28 18:53:38,37
2023/10/28 19:33:38,38
2023/10/28 19:43:38,37
2023/10/28 19:53:38,38
2023/10/28 22:13:39,41
2023/10/28 22:23:38,38
2023/10/29 00:03:38,39
2023/10/29 00:33:38,41
2023/10/29 00:43:38,39
2023/10/29 01:03:38,41
2023/10/29 01:13:38,39
2023/10/29 01:23:38,41
2023/10/29 01:33:38,39
2023/10/29 02:33:38,41
2023/10/29 02:43:38,39
2023/10/29 02:13:40,41
2023/10/29 02:23:40,38
2023/10/29 02:33:40,37
2023/10/29 03:23:40,36
2023/10/29 05:33:40,37
2023/10/29 05:43:40,36
2023/10/29 08:03:40,37
2023/10/29 08:13:40,36
2023/10/29 08:43:40,38
2023/10/29 08:53:40,36
2023/10/29 12:03:40,37
2023/10/29 12:13:40,36
2023/10/29 14:03:40,37
2023/10/29 14:13:40,36
2023/10/29 14:43:40,37
2023/10/29 14:53:40,36
2023/10/29 15:23:40,37
2023/10/29 15:43:40,38
2023/10/29 16:03:40,39
2023/10/29 19:13:41,41
2023/10/29 19:23:41,38
2023/10/29 19:33:41,39
2023/10/29 19:43:41,38
2023/10/29 19:53:41,37
2023/10/29 20:43:41,38
2023/10/29 20:53:41,37
2023/10/29 21:03:41,36
2023/10/29 21:13:41,37
2023/10/29 21:23:41,36
2023/10/29 21:53:41,37
2023/10/29 23:03:41,38
2023/10/29 23:13:41,37
2023/10/30 00:43:41,38
2023/10/30 00:53:41,37
2023/10/30 02:13:41,45
2023/10/30 02:23:41,43
2023/10/30 02:43:41,41
2023/10/30 03:23:41,39
2023/10/30 03:53:41,38
2023/10/30 04:03:41,41
2023/10/30 04:13:41,38
2023/10/30 04:43:41,39
2023/10/30 04:53:41,38
2023/10/30 05:43:41,39
2023/10/30 05:53:41,38
2023/10/30 06:13:41,37
2023/10/30 06:23:41,38
2023/10/30 07:03:41,42
2023/10/30 07:13:41,38
2023/10/30 07:53:41,39
2023/10/30 08:13:41,38
2023/10/30 08:33:41,37
2023/10/30 09:03:41,38
2023/10/30 09:13:41,39
2023/10/30 09:23:41,41
2023/10/30 09:33:41,44
2023/10/30 09:43:41,41
2023/10/30 10:03:41,42
2023/10/30 10:13:41,38
2023/10/30 10:33:41,39
2023/10/30 11:13:41,41
2023/10/30 11:53:41,39
2023/10/30 13:13:41,38
2023/10/30 14:23:41,39
2023/10/30 14:33:41,38
2023/10/30 14:43:41,39
2023/10/30 15:03:41,42
2023/10/30 15:13:41,41
2023/10/30 15:23:41,39
2023/10/30 16:33:41,38
2023/10/30 18:53:41,37
2023/10/30 19:03:43,38
2023/10/30 19:13:43,39
2023/10/30 19:43:43,38
2023/10/30 19:53:43,39
2023/10/30 20:03:43,38
2023/10/30 20:13:43,37
2023/10/30 20:23:43,38
2023/10/30 20:33:43,36
2023/10/30 20:43:43,37
2023/10/30 20:53:43,38
2023/10/30 21:13:43,41
2023/10/30 21:23:43,39
2023/10/30 21:33:43,38
2023/10/30 21:53:43,37
2023/10/30 22:33:43,38
2023/10/30 22:43:43,37
2023/10/30 23:53:43,32
2023/10/31 00:13:43,31
2023/10/31 01:33:43,32
2023/10/31 03:03:43,33
2023/10/31 03:13:43,32
2023/10/31 06:43:43,33
2023/10/31 06:53:43,37
2023/10/31 07:13:43,38
2023/10/31 07:25:54,45
2023/10/31 07:35:19,39
2023/10/31 07:45:19,38
2023/10/31 07:55:19,37
2023/10/31 09:15:19,38
2023/10/31 09:35:19,39
2023/10/31 09:45:19,37
2023/10/31 09:55:19,38
2023/10/31 13:45:19,37
2023/10/31 13:55:19,39
2023/10/31 14:05:19,38
2023/10/31 14:55:19,37
2023/10/31 15:05:19,38
2023/10/31 15:45:19,37
2023/10/31 16:35:19,38
2023/10/31 16:55:19,37
2023/10/31 18:25:19,36
2023/10/31 18:35:19,37
2023/10/31 18:55:19,36
2023/10/31 19:15:19,37
2023/10/31 19:25:19,41
2023/10/31 19:35:19,39
2023/10/31 19:55:19,38
2023/10/31 20:35:19,39
2023/10/31 20:55:19,38
2023/10/31 21:15:19,39
2023/10/31 21:25:19,38
2023/10/31 23:35:19,39
2023/11/01 00:05:19,43
2023/11/01 00:15:19,42
2023/11/01 00:25:19,41
2023/11/01 00:45:19,38
2023/11/01 01:05:19,37
2023/11/01 01:15:19,43
2023/11/01 01:25:19,38
2023/11/01 01:32:20,44
2023/11/01 01:42:03,38
2023/11/01 02:02:03,37
2023/11/01 04:42:03,38
2023/11/01 04:52:03,37
2023/11/01 07:12:03,38
2023/11/01 07:22:03,37
2023/11/01 08:22:03,38
2023/11/01 08:32:03,37
2023/11/01 08:52:03,38
2023/11/01 09:02:03,37
2023/11/01 09:12:03,38
2023/11/01 10:02:03,37
2023/11/01 11:12:03,38
2023/11/01 11:22:03,37
2023/11/01 11:42:03,38
2023/11/01 11:52:03,37
2023/11/01 12:02:03,38
2023/11/01 12:12:03,37
2023/11/01 12:22:03,38
2023/11/01 16:12:03,44
2023/11/01 16:22:03,38
2023/11/01 16:42:07,35
2023/11/01 17:12:07,33
2023/11/01 17:22:07,35
2023/11/01 17:42:07,33
2023/11/01 17:52:07,36
2023/11/01 18:02:07,37
2023/11/01 18:19:31,44
2023/11/01 18:29:21,38
2023/11/01 18:39:21,37
2023/11/01 18:59:21,39
2023/11/01 19:09:21,37
2023/11/01 19:39:21,38
2023/11/01 20:09:21,39
2023/11/01 20:29:21,38
2023/11/01 20:39:21,39
2023/11/01 20:59:21,38
2023/11/01 21:09:21,39
2023/11/01 21:29:21,38
2023/11/01 22:09:21,39
2023/11/01 22:39:21,38
2023/11/01 22:49:21,39
2023/11/01 22:59:21,38
2023/11/01 23:49:21,37
2023/11/01 23:59:21,36
2023/11/02 01:09:21,37
2023/11/02 01:19:21,36
2023/11/02 02:19:21,38
2023/11/02 02:29:21,36
2023/11/02 07:19:21,37
2023/11/02 07:29:21,36
2023/11/02 07:49:21,38
2023/11/02 07:59:21,36
2023/11/02 08:09:21,37
2023/11/02 08:29:21,36
2023/11/02 09:59:21,38
2023/11/02 10:09:21,36
2023/11/02 10:29:21,37
2023/11/02 10:39:21,36
2023/11/02 11:19:21,37
2023/11/02 11:29:21,36
2023/11/02 11:49:21,38
2023/11/02 11:59:21,36
2023/11/02 13:19:21,35
2023/11/02 13:29:21,36
2023/11/02 15:39:21,37
2023/11/02 15:49:21,36
2023/11/02 17:09:21,37
2023/11/02 17:19:21,36
2023/11/02 17:29:21,38
2023/11/02 17:39:21,36
2023/11/02 17:59:21,37
2023/11/02 18:19:21,36
2023/11/02 19:19:21,43
2023/11/02 19:29:21,41
2023/11/02 19:39:21,38
2023/11/02 19:59:21,39
2023/11/02 20:59:21,38
2023/11/02 21:09:21,39
2023/11/02 21:29:21,38
2023/11/02 21:39:21,39
2023/11/02 21:59:21,38
2023/11/02 22:19:21,39
2023/11/02 22:29:21,38
2023/11/02 23:29:21,39
2023/11/02 23:39:21,38
2023/11/02 23:59:21,39
2023/11/03 00:09:21,38
2023/11/03 00:49:21,35
2023/11/03 00:59:21,33
2023/11/03 01:09:21,32
2023/11/03 01:19:21,35
2023/11/03 01:29:23,32
2023/11/03 01:39:23,31
2023/11/03 02:19:23,32
2023/11/03 02:29:23,31
2023/11/03 04:59:23,32
2023/11/03 05:09:23,31
2023/11/03 05:59:23,32
2023/11/03 06:09:23,31
2023/11/03 06:19:23,35
2023/11/03 06:29:23,36
2023/11/03 06:39:23,32
2023/11/03 06:59:23,31
2023/11/03 09:14:48,32
2023/11/03 09:19:23,35
2023/11/03 09:29:23,36
2023/11/03 09:49:23,38
2023/11/03 09:59:23,35
2023/11/03 10:04:57,36
2023/11/03 10:19:23,32
2023/11/03 10:37:57,37
2023/11/03 10:47:41,43
2023/11/03 10:57:41,37
2023/11/03 11:07:41,36
2023/11/03 11:17:41,37
2023/11/03 11:27:41,36
2023/11/03 12:17:41,37
2023/11/03 12:27:41,38
2023/11/03 12:37:41,37
2023/11/03 13:07:41,36
2023/11/03 13:17:41,37
2023/11/03 13:27:41,36
2023/11/03 14:17:41,37
2023/11/03 14:27:41,36
2023/11/03 15:57:41,37
2023/11/03 16:07:10,44
2023/11/03 16:16:57,38
2023/11/03 16:26:57,37
2023/11/03 16:46:57,36
2023/11/03 17:16:57,37
2023/11/03 17:26:57,36
2023/11/03 19:16:57,37
2023/11/03 19:26:57,36
2023/11/03 19:36:58,37
2023/11/03 19:46:58,36
2023/11/03 20:16:58,37
2023/11/03 20:56:58,36
2023/11/03 21:06:58,37
2023/11/03 22:16:58,38
2023/11/03 22:26:58,37
2023/11/03 22:36:58,36
2023/11/03 22:56:58,38
2023/11/03 23:06:58,36
2023/11/03 23:36:58,38
2023/11/03 23:56:58,39
2023/11/04 00:26:58,38
2023/11/04 01:06:58,39
2023/11/04 01:16:58,38
2023/11/04 01:26:58,39
2023/11/04 01:36:58,38
2023/11/04 01:46:58,37
2023/11/04 02:06:58,36
2023/11/04 03:06:58,37
2023/11/04 03:16:58,36
2023/11/04 05:26:58,35
2023/11/04 06:06:58,36
2023/11/04 06:36:58,35
2023/11/04 06:46:58,36
2023/11/04 07:06:58,35
2023/11/04 07:16:58,36
2023/11/04 07:26:58,35
2023/11/04 07:46:58,36
2023/11/04 08:06:58,35
2023/11/04 08:26:58,36
2023/11/04 08:56:58,35
2023/11/04 09:16:58,36
2023/11/04 09:46:58,35
2023/11/04 10:16:58,36
2023/11/04 10:26:58,35
2023/11/04 10:46:58,36
2023/11/04 10:56:58,35
2023/11/04 11:26:58,36
2023/11/04 11:36:58,35
2023/11/04 13:46:58,36
2023/11/04 14:46:58,37
2023/11/04 14:56:58,39
2023/11/04 15:06:58,37
2023/11/04 15:16:58,36
2023/11/04 16:16:58,38
2023/11/04 16:26:58,36
2023/11/04 16:56:58,37
2023/11/04 17:06:58,36
2023/11/04 17:46:58,39
2023/11/04 17:56:58,37
2023/11/04 18:06:58,36
2023/11/04 18:36:58,38
2023/11/04 18:56:58,37
2023/11/04 19:56:58,36
2023/11/04 20:26:58,38
2023/11/04 20:37:00,36
2023/11/04 21:47:00,35
2023/11/04 22:06:24,44
2023/11/04 22:26:10,39
2023/11/04 22:56:10,41
2023/11/04 23:06:10,38
2023/11/04 23:46:10,37
2023/11/05 00:06:10,38
2023/11/05 00:16:11,39
2023/11/05 00:26:10,37
2023/11/05 00:36:10,36
2023/11/05 00:46:10,37
2023/11/05 01:06:10,36
2023/11/05 01:56:10,37
2023/11/05 02:06:11,42
2023/11/05 02:16:10,36
2023/11/05 02:26:10,38
2023/11/05 02:36:10,36
2023/11/05 02:46:10,38
2023/11/05 02:56:10,37
2023/11/05 03:46:10,36
2023/11/05 03:56:10,37
2023/11/05 04:36:10,38
2023/11/05 04:56:10,39
2023/11/05 05:06:10,37
2023/11/05 05:26:10,36
2023/11/05 05:36:10,35
2023/11/05 07:16:10,36
2023/11/05 07:26:10,35
2023/11/05 09:26:10,36
2023/11/05 09:46:10,35
2023/11/05 12:06:10,36
2023/11/05 13:26:10,39
2023/11/05 13:36:10,36
2023/11/05 14:36:10,35
2023/11/05 14:46:10,36
2023/11/05 15:06:10,33
2023/11/05 15:16:10,36
2023/11/05 15:26:10,35
2023/11/05 15:36:10,36
2023/11/05 15:46:10,35
2023/11/05 17:06:10,36
2023/11/05 17:16:10,35
2023/11/05 17:56:10,32
2023/11/05 18:36:11,33
2023/11/05 18:46:10,32
2023/11/05 19:26:10,35
2023/11/05 20:06:10,33
2023/11/05 20:56:10,36
2023/11/05 21:16:10,37
2023/11/05 21:36:10,38
2023/11/05 22:06:10,39
2023/11/05 22:16:11,41
2023/11/05 22:26:10,39
2023/11/05 22:46:10,38
2023/11/05 23:16:10,39
2023/11/05 23:26:10,38
2023/11/05 23:56:10,39
2023/11/06 00:06:10,38
2023/11/06 01:06:10,39
2023/11/06 01:16:10,38
2023/11/06 01:36:10,39
2023/11/06 01:46:10,38
2023/11/06 01:56:10,37
2023/11/06 02:26:10,35
2023/11/06 02:36:10,36
2023/11/06 03:16:10,35
2023/11/06 03:26:10,36
2023/11/06 03:46:10,35
2023/11/06 03:56:10,36
2023/11/06 04:16:10,37
2023/11/06 04:36:10,36
2023/11/06 04:46:10,35
2023/11/06 04:56:10,36
2023/11/06 05:06:10,35
2023/11/06 05:16:10,37
2023/11/06 05:26:10,35
2023/11/06 06:26:10,33
2023/11/06 06:36:10,35
2023/11/06 06:56:10,32
2023/11/06 07:26:10,35
2023/11/06 07:36:10,32
                        2023/11/06 14:32:53,35
2023/11/06 14:42:44,30
2023/11/06 15:02:43,31
2023/11/06 15:22:43,32
2023/11/06 15:42:43,33
2023/11/06 15:52:43,32
2023/11/06 16:02:43,33
2023/11/06 16:12:43,35
2023/11/06 16:22:43,33
2023/11/06 16:42:43,32
2023/11/06 16:52:43,36
2023/11/06 17:02:43,37
2023/11/06 17:12:43,35
2023/11/06 17:22:43,41
2023/11/06 17:32:43,35
2023/11/06 17:42:43,33
2023/11/06 19:12:43,32
2023/11/06 19:22:43,33
2023/11/06 19:42:43,32
2023/11/06 19:52:43,35
2023/11/06 20:02:43,33
2023/11/06 20:22:43,35
2023/11/06 21:12:43,50
2023/11/06 21:22:43,51
2023/11/06 21:32:43,44
2023/11/06 21:42:43,38
2023/11/06 21:52:43,33
2023/11/06 22:12:43,32
2023/11/06 22:22:43,33
2023/11/06 22:32:43,32
2023/11/06 22:42:43,33
2023/11/06 22:52:43,35
2023/11/06 23:02:43,33
2023/11/06 23:12:43,35
2023/11/06 23:30:30,42
2023/11/06 23:40:21,36
2023/11/06 23:50:20,37
2023/11/07 00:00:20,33
2023/11/07 00:20:20,39
2023/11/07 00:30:20,33
2023/11/07 00:50:20,43
2023/11/07 01:00:20,50
2023/11/07 01:10:20,38
2023/11/07 01:20:20,36
2023/11/07 01:30:20,37
2023/11/07 01:40:20,33
2023/11/07 01:50:20,32
2023/11/07 02:20:20,33
2023/11/07 02:30:20,32
2023/11/07 02:50:20,33
2023/11/07 03:00:20,32
2023/11/07 03:40:20,35
2023/11/07 03:50:20,32
2023/11/07 04:00:20,33
2023/11/07 04:10:20,32
2023/11/07 04:40:20,35
2023/11/07 04:50:20,32
2023/11/07 05:20:20,35
2023/11/07 05:30:20,33
2023/11/07 06:10:20,38
2023/11/07 06:20:20,33
2023/11/07 06:30:20,35
2023/11/07 06:40:20,33
2023/11/07 06:50:20,32
2023/11/07 07:00:20,33
2023/11/07 07:10:20,32
2023/11/07 07:20:20,33
2023/11/07 07:30:20,32
2023/11/07 07:50:20,33
2023/11/07 08:00:20,35
2023/11/07 08:50:20,33
2023/11/07 09:00:20,35
2023/11/07 09:10:20,33
2023/11/07 09:20:20,35
2023/11/07 09:30:20,36
2023/11/07 09:40:20,35
2023/11/07 10:20:20,33
2023/11/07 10:40:20,35
2023/11/07 11:00:20,33
2023/11/07 11:20:20,35
2023/11/07 11:40:20,33
2023/11/07 11:50:20,35
2023/11/07 12:00:20,33
2023/11/07 12:20:20,35
2023/11/07 12:50:20,33
2023/11/07 13:00:20,32
2023/11/07 13:10:20,33
2023/11/07 13:20:20,36
2023/11/07 13:50:20,37
2023/11/07 14:00:20,36
2023/11/07 14:20:20,37
2023/11/07 14:30:20,33
2023/11/07 15:10:20,35
2023/11/07 15:20:20,37
2023/11/07 15:50:20,38
2023/11/07 16:00:20,36
2023/11/07 16:10:20,37
2023/11/07 16:30:20,39
2023/11/07 16:40:20,36
2023/11/07 17:40:20,33
2023/11/07 17:50:20,32
2023/11/07 18:30:20,33
2023/11/07 18:40:20,32
2023/11/07 19:10:20,36
2023/11/07 20:10:20,35
2023/11/07 20:20:20,36
2023/11/07 20:30:20,32
2023/11/07 20:50:20,36
2023/11/07 21:00:20,37
2023/11/07 21:10:20,36
2023/11/07 21:20:20,39
2023/11/07 21:30:20,37
2023/11/07 22:30:20,38
2023/11/07 22:40:20,37
2023/11/07 23:20:20,38
2023/11/07 23:30:20,43
2023/11/07 23:40:20,39
2023/11/07 23:50:20,38
2023/11/08 00:30:20,39
2023/11/08 00:50:22,33
2023/11/08 01:10:22,32
2023/11/08 01:20:22,33
2023/11/08 01:30:23,37
2023/11/08 01:40:22,32
2023/11/08 03:20:22,31
2023/11/08 03:50:22,32
2023/11/08 04:00:22,31
2023/11/08 04:50:22,32
2023/11/08 05:10:22,31
2023/11/08 05:40:22,32
2023/11/08 05:50:22,31
2023/11/08 07:00:22,32
2023/11/08 08:00:22,33
2023/11/08 08:10:22,35
2023/11/08 08:50:22,31
2023/11/08 09:00:22,35
2023/11/08 09:10:22,37
2023/11/08 09:20:22,36
2023/11/08 09:40:22,37
2023/11/08 09:50:22,36
2023/11/08 10:40:22,39
2023/11/08 10:50:22,41
2023/11/08 11:00:23,39
2023/11/08 11:30:22,42
2023/11/08 12:18:31,39
2023/11/08 12:28:21,36
2023/11/08 13:18:21,37
2023/11/08 13:28:21,36
2023/11/08 13:38:21,37
2023/11/08 13:48:21,36
2023/11/08 14:08:21,37
2023/11/08 14:18:21,36
2023/11/08 14:28:21,38
2023/11/08 14:38:21,37
2023/11/08 15:08:21,36
2023/11/08 15:18:21,37
2023/11/08 15:38:21,36
2023/11/08 15:58:21,37
2023/11/08 16:18:21,36
2023/11/08 16:28:21,37
2023/11/08 16:48:21,36
2023/11/08 17:28:21,37
2023/11/08 17:38:21,36
2023/11/08 18:08:21,38
2023/11/08 18:18:21,36
2023/11/08 18:48:21,39
2023/11/08 18:58:21,36
2023/11/08 19:28:22,37
2023/11/08 19:38:22,38
2023/11/08 19:58:22,37
2023/11/08 20:28:22,38
2023/11/08 20:58:22,39
2023/11/08 21:08:22,38
2023/11/08 22:38:22,39
2023/11/08 22:58:22,38
2023/11/08 23:08:22,39
2023/11/08 23:18:22,38
2023/11/09 00:38:22,37
2023/11/09 00:48:22,38
2023/11/09 01:08:22,39
2023/11/09 01:18:22,38
2023/11/09 01:28:22,39
2023/11/09 01:48:22,38
2023/11/09 01:58:22,37
2023/11/09 02:28:22,36
2023/11/09 05:38:22,35
2023/11/09 05:48:22,36
2023/11/09 06:18:22,35
2023/11/09 06:28:22,36
2023/11/09 07:58:22,35
2023/11/09 09:08:23,36
2023/11/09 09:18:22,37
2023/11/09 09:28:22,36
2023/11/09 10:08:22,37
2023/11/09 10:38:22,36
2023/11/09 10:48:22,37
2023/11/09 11:08:22,39
2023/11/09 11:18:22,37
2023/11/09 11:48:22,36
2023/11/09 12:58:22,35
2023/11/09 13:08:22,38
2023/11/09 13:18:22,33
2023/11/09 13:28:22,35
2023/11/09 14:08:22,38
2023/11/09 14:18:22,35
2023/11/09 14:28:22,33
2023/11/09 16:18:22,35
2023/11/09 16:38:22,36
2023/11/09 16:48:22,35
2023/11/09 18:28:22,36
2023/11/09 18:38:22,35
2023/11/09 19:28:22,36
2023/11/09 19:38:22,35
2023/11/09 20:28:22,33
2023/11/09 21:28:22,35
2023/11/09 21:38:22,38
2023/11/09 21:48:22,35
2023/11/09 22:58:22,36
2023/11/09 23:08:22,35
2023/11/09 23:18:22,39
2023/11/09 23:28:22,37
2023/11/09 23:38:22,38
2023/11/09 23:48:22,39
2023/11/09 23:58:22,38
2023/11/10 00:18:22,39
2023/11/10 00:48:24,37
2023/11/10 00:58:24,33
2023/11/10 01:28:24,32
2023/11/10 01:38:24,33
2023/11/10 01:48:24,32
2023/11/10 02:48:24,33
2023/11/10 03:38:24,32
2023/11/10 03:58:24,33
2023/11/10 05:48:24,32
2023/11/10 05:58:24,35
2023/11/10 06:08:24,33
2023/11/10 06:18:24,32
2023/11/10 06:28:24,33
2023/11/10 06:38:24,32
2023/11/10 06:58:24,33
2023/11/10 07:08:24,32
2023/11/10 07:18:25,36
2023/11/10 07:28:24,32
2023/11/10 07:38:24,33
2023/11/10 08:08:24,32
2023/11/10 08:28:24,35
2023/11/10 08:58:24,32
2023/11/10 09:08:24,33
2023/11/10 09:18:24,36
2023/11/10 09:38:24,35
2023/11/10 09:48:24,36
2023/11/10 10:18:24,35
2023/11/10 10:28:24,36
2023/11/10 10:38:24,35
2023/11/10 10:48:24,36
2023/11/10 11:08:24,35
2023/11/10 11:18:24,36
2023/11/10 11:28:24,35
2023/11/10 11:38:24,36
2023/11/10 11:48:24,35
2023/11/10 12:18:24,33
2023/11/10 12:38:24,32
2023/11/10 12:58:24,33
2023/11/10 13:58:24,36
2023/11/10 15:18:24,37
2023/11/10 15:28:24,38
2023/11/10 15:38:24,37
2023/11/10 15:48:24,36
2023/11/10 15:58:24,33
2023/11/10 16:18:24,36
2023/11/10 16:38:24,43
2023/11/10 16:48:24,37
2023/11/10 17:08:24,36
2023/11/10 17:18:24,37
2023/11/10 17:28:24,36
2023/11/10 17:48:24,35
2023/11/10 17:58:24,33
2023/11/10 18:08:24,35
2023/11/10 18:28:24,36
2023/11/10 18:41:38,44
2023/11/10 18:51:27,41
2023/11/10 19:01:26,38
2023/11/10 19:41:28,37
2023/11/10 20:41:28,38
2023/11/10 20:51:28,37
2023/11/10 21:01:28,38
2023/11/10 21:11:28,37
2023/11/10 21:21:28,38
2023/11/10 21:31:28,37
2023/11/10 21:41:28,38
2023/11/10 22:01:28,39
2023/11/10 22:11:28,38
2023/11/10 22:51:28,39
2023/11/10 23:01:28,38
2023/11/11 01:31:28,37
2023/11/11 01:41:28,36
2023/11/11 02:11:28,35
2023/11/11 02:41:28,36
2023/11/11 02:51:28,35
2023/11/11 03:41:28,36
2023/11/11 03:51:28,35
2023/11/11 04:41:28,36
2023/11/11 04:51:28,35
2023/11/11 05:01:28,36
2023/11/11 05:11:28,35
2023/11/11 06:01:28,36
2023/11/11 06:11:28,35
2023/11/11 07:11:28,36
2023/11/11 07:21:28,35
2023/11/11 09:11:28,36
2023/11/11 09:21:28,35
2023/11/11 12:11:28,36
2023/11/11 12:21:28,35
2023/11/11 12:41:28,36
2023/11/11 12:51:28,35
2023/11/11 13:01:28,37
2023/11/11 13:11:28,35
2023/11/11 14:41:28,36
2023/11/11 14:51:28,35
2023/11/11 15:31:28,36
2023/11/11 15:41:28,35
2023/11/11 16:41:28,36
2023/11/11 16:51:28,35
2023/11/11 17:11:28,37
2023/11/11 17:21:28,35
2023/11/11 17:41:28,36
2023/11/11 17:51:28,35
2023/11/11 18:21:28,33
2023/11/11 18:31:28,35
2023/11/11 18:41:28,33
2023/11/11 18:51:28,35
2023/11/11 19:01:28,33
2023/11/11 19:31:28,35
2023/11/11 19:41:28,33
2023/11/11 21:01:28,35
2023/11/11 21:41:28,39
2023/11/11 21:51:28,38
2023/11/11 22:01:28,36
2023/11/11 22:11:28,39
2023/11/11 22:21:28,38
2023/11/11 22:31:28,37
2023/11/11 22:41:28,36
2023/11/11 22:51:28,35
2023/11/11 23:11:28,36
2023/11/11 23:41:28,39
2023/11/11 23:51:28,36
2023/11/12 00:11:28,38
2023/11/12 00:21:28,37
2023/11/12 00:51:28,41
2023/11/12 01:01:28,38
2023/11/12 01:11:28,37
2023/11/12 01:21:28,38
2023/11/12 01:51:28,39
2023/11/12 02:01:28,38
2023/11/12 03:21:28,37
2023/11/12 03:31:28,38
2023/11/12 04:01:28,39
2023/11/12 04:31:28,38
2023/11/12 05:41:28,39
2023/11/12 06:01:28,38
2023/11/12 06:41:28,39
2023/11/12 06:51:28,38
2023/11/12 07:01:28,39
2023/11/12 07:11:28,38
2023/11/12 07:31:28,35
2023/11/12 07:51:28,33
2023/11/12 09:41:28,32
2023/11/12 09:51:28,33
2023/11/12 11:21:28,35
2023/11/12 11:31:28,36
2023/11/12 12:51:28,37
2023/11/12 13:01:28,36
2023/11/12 13:21:28,37
2023/11/12 13:31:28,36
2023/11/12 13:41:28,37
2023/11/12 14:01:28,36
2023/11/12 14:21:28,38
2023/11/12 14:31:28,36
2023/11/12 14:41:28,37
2023/11/12 14:51:28,36
2023/11/12 16:11:28,37
2023/11/12 16:21:28,38
2023/11/12 16:31:28,36
2023/11/12 16:41:28,37
2023/11/12 17:01:28,36
2023/11/12 17:11:28,37
2023/11/12 17:21:28,35
2023/11/12 17:31:28,37
2023/11/12 17:41:28,36
2023/11/12 17:51:28,37
2023/11/12 18:01:28,35
2023/11/12 18:11:28,37
2023/11/12 18:21:28,36
2023/11/12 18:51:28,37
2023/11/12 19:01:28,35
2023/11/12 19:11:28,33
2023/11/12 20:21:28,35
2023/11/12 20:41:28,37
2023/11/12 20:51:28,38
2023/11/12 21:11:28,37
2023/11/13 01:31:28,38
2023/11/13 01:51:28,37
2023/11/13 02:11:28,36
2023/11/13 03:01:28,35
2023/11/13 04:21:28,33
2023/11/13 04:31:28,35
2023/11/13 05:01:28,36
2023/11/13 05:11:28,35
2023/11/13 05:51:28,38
2023/11/13 06:11:28,35
2023/11/13 06:51:28,33
2023/11/13 07:11:28,35
2023/11/13 07:21:28,33
2023/11/13 07:31:28,35
2023/11/13 07:41:28,33
2023/11/13 07:51:28,39
2023/11/13 08:01:28,36
2023/11/13 08:11:28,37
2023/11/13 08:41:28,36
2023/11/13 08:51:28,37
2023/11/13 09:41:28,38
2023/11/13 10:01:28,37
2023/11/13 10:11:28,35
2023/11/13 10:21:28,38
2023/11/13 10:31:28,36
2023/11/13 10:41:28,35
2023/11/13 10:51:28,33
2023/11/13 11:41:28,32
2023/11/13 12:11:28,35
2023/11/13 12:21:28,33
2023/11/13 12:31:28,32
2023/11/13 12:41:28,31
2023/11/13 12:51:28,33
2023/11/13 13:01:28,31
2023/11/13 13:11:28,33
2023/11/13 13:21:28,35
2023/11/13 14:21:28,36
2023/11/13 14:31:28,37
2023/11/13 14:41:28,36
2023/11/13 14:51:28,35
2023/11/13 15:01:28,36
2023/11/13 17:41:28,37
2023/11/13 17:51:28,33
2023/11/13 18:01:28,32
2023/11/13 18:41:28,36
2023/11/13 19:01:28,31
2023/11/13 19:11:28,30
2023/11/13 19:31:28,32
2023/11/13 19:41:28,35
2023/11/13 19:51:28,32
2023/11/13 20:11:28,33
2023/11/13 20:31:28,35
2023/11/13 20:41:28,36
2023/11/13 20:51:28,33
2023/11/13 21:01:28,35
2023/11/13 21:31:28,36
2023/11/13 21:41:28,35
2023/11/13 22:01:28,38
2023/11/13 22:11:28,35
2023/11/13 22:21:28,36
2023/11/13 22:31:28,35
2023/11/13 23:11:28,36
2023/11/14 08:55:11,38
2023/11/14 09:05:00,37
2023/11/14 09:15:00,36
2023/11/14 09:25:00,37
2023/11/14 09:35:00,38
2023/11/14 09:45:00,36
2023/11/14 09:55:00,37
2023/11/14 10:15:00,36
2023/11/14 11:15:00,37
2023/11/14 11:25:00,36
2023/11/14 11:55:00,35
2023/11/14 12:05:00,36
2023/11/14 14:55:00,37
2023/11/14 15:05:00,36
2023/11/14 15:25:00,37
2023/11/14 15:35:00,36
2023/11/14 17:45:00,33
2023/11/14 18:39:22,26
2023/11/14 18:49:22,32
2023/11/14 18:59:22,35
2023/11/14 19:29:22,36
2023/11/14 20:09:22,35
2023/11/14 20:39:22,33
2023/11/14 20:49:22,36
2023/11/14 20:59:22,33
2023/11/14 21:09:23,31
2023/11/14 21:59:53,26
2023/11/14 22:09:53,32
2023/11/14 22:19:53,33
2023/11/14 22:29:53,35
2023/11/14 23:09:53,36
2023/11/14 23:19:53,35
2023/11/14 23:59:53,36
2023/11/15 00:29:53,35
2023/11/15 00:39:53,36
2023/11/15 00:49:53,35
2023/11/15 00:59:53,36
2023/11/15 01:19:53,35
2023/11/15 01:29:53,36
2023/11/15 01:49:53,38
2023/11/15 01:59:53,32
2023/11/15 08:45:11,21
2023/11/15 08:55:11,29
2023/11/15 09:05:11,31
2023/11/15 09:15:11,33
2023/11/15 09:25:11,35
2023/11/15 09:35:11,37
2023/11/15 09:55:11,36
2023/11/15 10:15:11,37
2023/11/15 10:25:11,36
2023/11/15 10:55:11,37
2023/11/15 11:05:11,36
2023/11/15 11:15:11,35
2023/11/15 11:25:11,36
2023/11/15 12:15:11,35
2023/11/15 12:25:11,39
2023/11/15 12:35:11,41
2023/11/15 12:45:11,38
2023/11/15 17:47:37,37
2023/11/15 17:57:37,36
2023/11/15 18:17:37,37
2023/11/15 18:27:39,38
2023/11/15 18:37:39,36
2023/11/15 20:57:39,37
2023/11/15 21:07:39,36
2023/11/15 22:17:39,35
2023/11/15 22:37:39,36
2023/11/15 23:07:39,35
2023/11/15 23:37:39,37
2023/11/15 23:47:39,35
2023/11/15 23:57:39,37
2023/11/16 00:07:39,38
2023/11/16 01:07:39,39
2023/11/16 01:17:39,38
2023/11/16 01:27:39,39
2023/11/16 01:37:39,38
2023/11/16 02:27:39,41
2023/11/16 02:37:39,33
2023/11/16 11:50:16,23
2023/11/16 12:00:15,31
2023/11/16 12:10:15,33
2023/11/16 12:20:15,35
2023/11/16 12:30:15,36
2023/11/16 13:30:15,37
2023/11/16 14:00:15,36
2023/11/16 15:00:15,37
2023/11/16 15:20:15,36
2023/11/16 16:00:15,37
2023/11/16 16:10:15,36
2023/11/16 16:20:15,37
2023/11/16 16:40:15,36
2023/11/16 17:00:15,37
2023/11/16 17:10:15,36
2023/11/16 19:00:15,37
2023/11/16 19:10:15,36
2023/11/16 20:00:15,41
2023/11/16 20:10:15,38
2023/11/16 20:30:15,41
2023/11/16 20:40:15,38
2023/11/16 20:50:15,41
2023/11/16 21:00:15,38
2023/11/16 21:10:15,39
2023/11/16 21:20:15,38
2023/11/16 21:30:15,39
2023/11/16 21:40:15,38
2023/11/16 21:50:15,39
2023/11/16 22:00:15,38
2023/11/16 23:00:15,39
2023/11/16 23:10:15,38
2023/11/17 01:00:15,33
                        2023/11/17 12:30:31,31
2023/11/17 12:40:21,30
2023/11/17 13:00:21,31
2023/11/17 13:10:21,33
2023/11/17 13:20:21,31
2023/11/17 14:43:06,24
2023/11/17 14:53:06,29
2023/11/17 15:13:06,32
2023/11/17 15:23:06,31
2023/11/17 15:33:06,32
2023/11/17 15:43:06,31
2023/11/17 15:53:06,32
2023/11/17 16:03:06,31
2023/11/17 16:23:06,32
2023/11/17 16:33:06,31
2023/11/17 16:43:06,32
2023/11/17 17:03:06,31
2023/11/17 17:13:06,32
2023/11/17 17:23:06,37
2023/11/17 17:33:06,36
2023/11/17 17:45:31,30
2023/11/17 18:18:09,36
2023/11/17 18:28:00,32
2023/11/17 18:38:00,31
2023/11/17 18:48:00,30
2023/11/17 19:08:00,32
2023/11/17 19:18:00,29
2023/11/17 19:38:00,30
2023/11/17 19:48:00,29
2023/11/17 19:58:00,27
2023/11/17 20:28:00,29
2023/11/17 20:38:00,27
2023/11/17 21:28:00,26
2023/11/17 21:38:00,27
2023/11/17 22:08:00,29
2023/11/17 22:18:00,30
2023/11/17 22:28:00,31
2023/11/17 22:38:00,36
2023/11/17 22:48:00,32
2023/11/17 22:58:00,33
2023/11/17 23:18:00,32
2023/11/17 23:28:00,31
2023/11/17 23:38:00,32
2023/11/18 00:08:00,33
2023/11/18 00:28:00,35
2023/11/18 00:38:00,33
2023/11/18 00:58:00,32
2023/11/18 01:08:00,31
2023/11/18 14:44:31,21
2023/11/18 14:54:30,26
2023/11/18 15:04:30,29
2023/11/18 15:14:30,31
2023/11/18 15:34:30,32
2023/11/18 15:54:30,35
2023/11/18 16:04:30,33
2023/11/18 16:34:30,35
2023/11/18 16:44:30,33
2023/11/18 16:54:30,35
2023/11/18 17:04:30,33
2023/11/18 17:44:30,32
2023/11/18 17:54:30,33
2023/11/18 18:04:30,32
2023/11/18 18:14:30,33
2023/11/18 19:24:30,32
2023/11/18 19:44:30,33
2023/11/18 19:54:30,32
2023/11/18 20:34:30,31
2023/11/18 20:44:30,32
2023/11/18 21:14:30,33
2023/11/18 21:24:30,32
2023/11/18 21:54:30,33
2023/11/18 22:04:30,32
2023/11/18 22:34:30,33
2023/11/18 22:44:30,32
2023/11/18 23:14:30,33
2023/11/18 23:24:30,32
2023/11/19 01:24:30,33
2023/11/19 02:14:30,32
2023/11/19 02:54:32,38
2023/11/19 03:04:32,33
2023/11/19 16:51:51,21
2023/11/19 17:01:50,27
2023/11/19 17:11:51,29
2023/11/19 17:21:50,31
2023/11/19 17:31:50,30
2023/11/19 17:41:50,31
2023/11/19 17:51:50,33
2023/11/19 18:01:50,32
2023/11/19 18:21:50,33
2023/11/19 20:11:50,35
2023/11/19 20:21:50,33
2023/11/19 22:11:50,35
2023/11/19 22:21:50,33
2023/11/19 23:21:50,32
2023/11/19 23:31:50,33
2023/11/20 00:11:50,32
2023/11/20 00:21:50,33
2023/11/20 00:31:50,35
2023/11/20 00:41:50,32
2023/11/20 10:45:25,21
2023/11/20 10:55:25,33
2023/11/20 11:05:25,32
2023/11/20 11:15:25,30
2023/11/20 11:25:25,31
2023/11/20 11:55:25,32
2023/11/20 12:05:25,31
2023/11/20 12:15:26,35
2023/11/20 12:25:25,32
2023/11/20 12:35:25,33
2023/11/20 12:45:25,32
2023/11/20 12:55:25,36
2023/11/20 13:05:25,33
2023/11/20 13:15:25,31
2023/11/20 13:55:25,39
2023/11/20 14:05:25,36
2023/11/20 14:15:25,32
2023/11/20 14:45:25,31
2023/11/20 14:55:25,33
2023/11/20 15:05:25,32
2023/11/20 16:05:25,33
2023/11/20 16:15:25,32
2023/11/20 16:45:25,31
2023/11/20 17:05:25,32
2023/11/20 17:35:25,31
2023/11/20 17:45:25,32
2023/11/20 17:55:25,31
2023/11/20 18:25:25,32
2023/11/20 18:45:25,31
2023/11/20 18:55:26,32
2023/11/20 19:05:25,31
2023/11/20 19:25:25,32
2023/11/20 19:45:25,33
2023/11/20 19:55:25,32
2023/11/20 20:25:25,35
2023/11/20 20:35:25,32
2023/11/20 20:45:25,35
2023/11/20 20:55:25,33
2023/11/20 21:15:25,32
2023/11/20 22:45:25,31
2023/11/20 22:55:25,33
2023/11/20 23:05:25,32
2023/11/20 23:35:25,31
2023/11/20 23:45:25,32
2023/11/20 23:55:25,31
2023/11/21 00:15:25,32
2023/11/21 00:45:25,31
2023/11/21 00:55:25,37
2023/11/21 01:05:25,31
2023/11/21 08:21:48,21
2023/11/21 08:31:48,30
2023/11/21 08:41:47,33
2023/11/21 08:51:47,31
2023/11/21 09:21:47,32
2023/11/21 09:31:47,31
2023/11/21 09:51:47,32
2023/11/21 10:01:47,31
2023/11/21 10:11:47,32
2023/11/21 13:01:47,33
2023/11/21 13:11:47,32
2023/11/21 14:11:47,36
2023/11/21 14:21:47,33
2023/11/21 14:31:48,32
2023/11/21 15:11:47,35
2023/11/21 15:21:47,31
2023/11/21 15:31:47,32
2023/11/21 15:41:47,33
2023/11/21 15:51:47,32
2023/11/21 16:41:47,33
2023/11/21 16:51:47,32
2023/11/21 17:11:47,31
2023/11/21 17:21:47,32
2023/11/21 18:31:18,25
2023/11/21 18:41:17,29
2023/11/21 18:51:17,30
2023/11/21 19:01:17,31
2023/11/21 19:11:17,32
2023/11/21 20:21:17,33
2023/11/21 20:31:17,32
2023/11/21 21:31:17,33
2023/11/21 22:01:17,32
2023/11/21 22:31:17,33
2023/11/21 22:41:17,32
2023/11/22 00:01:19,33
2023/11/22 00:11:19,35
2023/11/22 00:21:19,32
2023/11/22 00:31:19,35
2023/11/22 00:41:19,32
2023/11/22 01:41:19,33
2023/11/22 01:51:19,32
2023/11/22 02:11:19,31
2023/11/22 02:21:19,32
2023/11/22 02:31:20,33
2023/11/22 02:48:30,30
2023/11/22 02:58:29,38
2023/11/22 11:07:17,21
2023/11/22 11:17:16,29
2023/11/22 11:27:16,30
2023/11/22 12:07:16,31
2023/11/22 12:37:16,33
2023/11/22 12:47:16,32
2023/11/22 12:57:16,31
2023/11/22 13:37:16,32
2023/11/22 13:47:16,33
2023/11/22 13:57:16,32
2023/11/22 14:07:16,31
2023/11/22 14:57:16,32
2023/11/22 15:17:16,33
2023/11/22 15:27:16,31
2023/11/22 15:37:16,32
2023/11/22 15:47:16,31
2023/11/22 15:57:16,32
2023/11/22 16:07:16,31
2023/11/22 16:17:16,32
2023/11/22 16:27:16,31
2023/11/22 17:27:16,30
2023/11/22 17:57:16,31
2023/11/22 18:27:16,32
2023/11/22 18:57:16,39
2023/11/22 19:07:16,31
2023/11/22 19:27:16,32
2023/11/22 19:37:16,30
2023/11/22 19:47:16,37
2023/11/22 19:57:16,31
2023/11/22 20:07:16,32
2023/11/22 20:27:16,33
2023/11/22 20:57:16,35
2023/11/22 21:07:16,33
2023/11/22 21:17:16,35
2023/11/22 21:57:16,33
2023/11/22 22:57:16,32
2023/11/22 23:07:16,33
2023/11/22 23:47:16,35
2023/11/22 23:57:16,33
2023/11/23 00:07:16,35
2023/11/23 00:27:16,33
2023/11/23 00:57:17,32
2023/11/23 07:24:53,21
2023/11/23 07:33:02,35
2023/11/23 07:42:52,30
2023/11/23 08:02:51,38
2023/11/23 08:12:51,32
2023/11/23 08:22:51,33
2023/11/23 08:32:51,37
2023/11/23 08:42:51,32
2023/11/23 08:52:51,38
2023/11/23 09:02:51,32
2023/11/23 09:12:51,31
2023/11/23 11:32:51,32
2023/11/23 11:42:51,35
2023/11/23 11:52:51,32
2023/11/23 12:02:51,31
2023/11/23 12:12:51,33
2023/11/23 12:22:51,32
2023/11/23 12:32:51,33
2023/11/23 12:42:51,39
2023/11/23 12:52:51,33
2023/11/23 13:12:51,32
2023/11/23 13:32:51,33
2023/11/23 13:42:51,32
2023/11/23 13:52:51,33
2023/11/23 14:32:51,35
2023/11/23 14:42:51,33
2023/11/23 15:02:51,32
2023/11/23 15:12:51,33
2023/11/23 15:22:51,32
2023/11/23 15:52:51,33
2023/11/23 16:02:51,32
2023/11/23 16:22:51,33
2023/11/23 16:32:51,32
2023/11/23 16:42:51,33
2023/11/23 16:52:51,35
2023/11/23 17:02:51,33
2023/11/23 17:52:51,32
2023/11/23 18:02:51,33
2023/11/23 18:52:51,35
2023/11/23 19:02:51,33
2023/11/23 19:22:51,32
2023/11/23 19:32:51,33
2023/11/23 20:22:51,32
2023/11/23 20:32:51,33
2023/11/23 21:12:51,35
2023/11/23 21:52:51,33
2023/11/23 22:22:51,35
2023/11/23 22:32:51,33
2023/11/23 22:42:51,35
2023/11/23 22:52:51,33
2023/11/23 23:12:51,35
2023/11/23 23:22:51,33
2023/11/23 23:32:51,32
2023/11/23 23:42:51,33
2023/11/24 00:12:51,32
2023/11/24 00:52:51,36
2023/11/24 01:02:51,33
2023/11/24 01:12:51,39
2023/11/24 01:22:51,33
2023/11/24 09:01:57,21
2023/11/24 09:11:57,26
2023/11/24 09:21:58,29
2023/11/24 09:31:57,30
2023/11/24 09:41:57,31
2023/11/24 10:01:57,33
2023/11/24 10:11:57,35
2023/11/24 10:21:57,37
2023/11/24 10:31:57,36
2023/11/24 10:41:57,32
2023/11/24 12:07:24,25
2023/11/24 12:17:23,31
2023/11/24 12:27:23,36
2023/11/24 12:47:23,38
2023/11/24 12:57:23,36
2023/11/24 13:07:23,37
2023/11/24 13:17:23,36
2023/11/24 13:37:23,37
2023/11/24 13:47:23,35
2023/11/24 13:57:23,36
2023/11/24 14:37:23,37
2023/11/24 14:47:23,36
2023/11/24 14:57:23,37
2023/11/24 15:07:23,36
2023/11/24 15:37:23,35
2023/11/24 15:47:23,36
2023/11/24 15:57:23,38
2023/11/24 16:27:23,39
2023/11/24 16:37:23,38
2023/11/24 16:47:23,41
2023/11/24 17:27:23,39
2023/11/24 17:47:23,37
2023/11/24 17:57:23,36
2023/11/24 18:17:25,37
2023/11/24 18:37:25,36
2023/11/24 18:57:25,35
2023/11/24 19:07:25,36
2023/11/24 19:27:25,37
2023/11/24 19:57:25,36
2023/11/24 20:07:25,37
2023/11/24 20:37:25,38
2023/11/24 21:27:25,39
2023/11/24 21:37:25,38
2023/11/24 22:17:25,39
2023/11/24 22:27:25,38
2023/11/24 22:37:25,39
2023/11/24 23:07:25,38
2023/11/24 23:17:25,39
2023/11/24 23:37:25,38
2023/11/24 23:47:25,37
2023/11/25 00:07:25,38
2023/11/25 00:47:25,42
2023/11/25 00:57:25,41
2023/11/25 01:07:25,38
2023/11/25 01:17:25,37
2023/11/25 01:37:25,36
2023/11/25 01:47:25,39
2023/11/25 01:57:25,42
2023/11/25 02:17:25,37
2023/11/25 02:27:25,38
2023/11/25 02:47:25,39
2023/11/25 03:17:25,38
2023/11/25 03:27:25,39
2023/11/25 03:37:25,38
2023/11/25 04:07:25,37
2023/11/25 04:27:25,36
2023/11/25 05:07:25,35
2023/11/25 05:17:25,36
2023/11/25 05:27:25,33
2023/11/25 05:37:25,31
2023/11/25 05:57:25,32
2023/11/25 06:07:25,31
2023/11/25 07:07:25,32
2023/11/25 07:17:25,31
2023/11/25 07:37:25,30
2023/11/25 07:47:25,31
2023/11/25 09:07:25,30
2023/11/25 09:17:25,31
2023/11/25 09:27:25,35
2023/11/25 10:47:25,37
2023/11/25 10:57:25,36
2023/11/25 11:17:25,35
2023/11/25 11:47:25,36
2023/11/25 11:57:25,38
2023/11/25 12:17:25,39
2023/11/25 12:27:25,37
2023/11/25 12:37:25,32
2023/11/25 12:47:25,35
2023/11/25 12:57:25,36
2023/11/25 13:27:25,38
2023/11/25 13:37:25,37
2023/11/25 13:47:25,36
2023/11/25 14:37:25,37
2023/11/25 15:17:25,36
2023/11/25 15:27:25,37
2023/11/25 15:47:25,36
2023/11/25 16:47:25,33
2023/11/25 16:57:25,35
2023/11/25 17:07:25,36
2023/11/25 17:47:25,35
2023/11/25 18:27:25,36
2023/11/25 18:57:25,37
2023/11/25 19:07:25,36
2023/11/25 19:47:25,35
2023/11/25 20:17:25,37
2023/11/25 21:37:25,39
2023/11/25 21:47:25,37
2023/11/25 21:57:25,38
2023/11/25 22:07:25,37
2023/11/25 23:27:25,38
2023/11/26 00:57:25,37
2023/11/26 01:27:25,36
2023/11/26 01:37:27,35
2023/11/26 01:47:27,31
2023/11/26 05:57:27,30
2023/11/26 06:17:27,31
2023/11/26 06:57:27,30
2023/11/26 07:07:27,31
2023/11/26 07:17:27,30
2023/11/26 07:27:27,31
2023/11/26 08:57:27,30
2023/11/26 12:27:27,33
2023/11/26 12:37:27,30
2023/11/26 14:47:27,31
2023/11/26 14:57:27,30
2023/11/26 15:07:27,33
2023/11/26 15:17:27,35
2023/11/26 15:27:27,32
2023/11/26 15:57:27,33
2023/11/26 16:37:27,35
2023/11/26 16:47:27,33
2023/11/26 18:07:27,35
2023/11/26 18:27:28,33
2023/11/26 18:37:28,35
2023/11/26 18:47:28,36
2023/11/26 19:07:28,35
2023/11/26 19:47:28,36
2023/11/26 20:37:28,37
2023/11/26 20:57:28,36
2023/11/26 21:07:28,37
2023/11/26 21:17:28,36
2023/11/26 21:27:28,37
2023/11/26 21:57:28,36
2023/11/26 22:17:28,37
2023/11/26 23:57:28,35
2023/11/27 00:07:28,32
2023/11/27 00:17:28,31
2023/11/27 01:07:28,30
2023/11/27 01:27:28,31
2023/11/27 01:37:28,30
2023/11/27 03:07:28,31
2023/11/27 03:17:28,30
2023/11/27 08:57:28,33
2023/11/27 09:07:28,35
2023/11/27 09:17:28,33
2023/11/27 09:37:28,31
2023/11/27 09:47:28,30
2023/11/27 09:57:28,35
2023/11/27 10:27:28,33
2023/11/27 10:37:28,35
2023/11/27 11:57:28,32
2023/11/27 12:07:28,31
2023/11/27 12:37:28,30
2023/11/27 14:47:28,35
2023/11/27 15:07:28,36
2023/11/27 15:17:28,31
2023/11/27 15:37:28,32
2023/11/27 15:47:28,35
2023/11/27 16:17:28,32
2023/11/27 16:37:28,31
2023/11/27 16:47:28,30
2023/11/27 17:47:28,31
2023/11/27 17:57:28,30
2023/11/27 18:27:28,33
2023/11/27 18:37:29,35
2023/11/27 19:57:29,38
2023/11/27 20:07:29,37
2023/11/27 21:17:29,38
2023/11/27 21:27:29,37
2023/11/27 21:57:29,38
2023/11/27 22:07:29,37
2023/11/27 22:37:29,38
2023/11/27 22:57:29,37
2023/11/27 23:07:29,36
2023/11/27 23:17:29,32
2023/11/27 23:27:29,31
2023/11/27 23:47:29,32
2023/11/27 23:57:29,31
2023/11/28 00:27:29,30
2023/11/28 01:27:29,31
2023/11/28 01:47:29,30
2023/11/28 02:57:29,31
2023/11/28 03:07:29,30
2023/11/28 06:27:29,31
2023/11/28 06:37:29,30
2023/11/28 10:47:29,33
2023/11/28 10:57:29,35
2023/11/28 11:07:30,42
2023/11/28 11:17:29,37
2023/11/28 11:37:29,36
2023/11/28 11:47:29,38
2023/11/28 11:57:29,39
2023/11/28 12:07:29,32
2023/11/28 12:17:29,35
2023/11/28 12:37:29,31
2023/11/28 12:47:29,35
2023/11/28 13:07:29,39
2023/11/28 13:17:29,38
2023/11/28 13:27:29,39
2023/11/28 13:37:29,38
2023/11/28 13:47:29,37
2023/11/28 13:57:29,36
2023/11/28 14:07:29,35
2023/11/28 14:17:29,37
2023/11/28 14:37:29,36
2023/11/28 14:47:29,37
2023/11/28 14:57:29,36
2023/11/28 15:17:29,35
2023/11/28 15:37:29,36
2023/11/28 15:57:29,35
2023/11/28 16:47:30,36
2023/11/28 16:57:29,35
2023/11/28 17:07:29,36
2023/11/28 17:17:29,35
2023/11/28 17:37:29,33
2023/11/28 17:47:29,31
2023/11/28 18:17:29,35
2023/11/28 18:47:29,36
2023/11/28 19:17:29,37
2023/11/28 19:27:29,36
2023/11/28 19:37:29,38
2023/11/28 19:57:29,37
2023/11/28 20:07:29,35
2023/11/28 20:37:29,36
2023/11/28 20:47:29,31
2023/11/28 21:17:31,36
2023/11/28 21:27:31,35
2023/11/28 21:47:31,39
2023/11/28 21:57:31,37
2023/11/28 22:27:31,38
2023/11/28 22:57:31,37
2023/11/28 23:27:31,38
2023/11/28 23:37:31,37
2023/11/28 23:47:31,33
2023/11/28 23:57:31,32
2023/11/29 00:07:31,31
2023/11/29 00:37:31,30
2023/11/29 00:47:31,31
2023/11/29 00:57:31,30
2023/11/29 01:07:31,31
2023/11/29 01:17:31,30
2023/11/29 01:37:31,31
2023/11/29 01:47:31,30
2023/11/29 04:27:31,31
2023/11/29 04:37:31,30
2023/11/29 06:47:31,31
2023/11/29 06:57:31,30
2023/11/29 08:17:31,33
2023/11/29 08:27:31,35
2023/11/29 09:37:31,36
2023/11/29 09:57:31,35
2023/11/29 10:07:31,36
2023/11/29 10:17:31,37
2023/11/29 10:27:31,36
2023/11/29 10:37:31,35
2023/11/29 11:27:31,36
2023/11/29 12:07:31,35
2023/11/29 12:27:31,36
2023/11/29 13:37:31,35
2023/11/29 13:57:31,36
2023/11/29 14:47:31,35
2023/11/29 15:17:31,37
2023/11/29 15:27:31,36
2023/11/29 15:37:31,35
2023/11/29 15:57:31,36
2023/11/29 16:17:31,33
2023/11/29 16:47:32,31
2023/11/29 16:57:31,35
2023/11/29 17:07:31,31
2023/11/29 17:37:31,33
2023/11/29 17:57:31,35
2023/11/29 18:17:32,37
2023/11/29 18:27:32,36
2023/11/29 18:37:32,37
2023/11/29 18:47:33,36
2023/11/29 18:57:32,37
2023/11/29 19:06:09,44
2023/11/29 19:15:59,36
2023/11/29 19:35:59,35
2023/11/29 19:55:59,37
2023/11/29 20:55:59,38
2023/11/29 21:05:59,36
2023/11/29 21:25:59,37
2023/11/29 21:45:59,36
2023/11/29 21:55:59,37
2023/11/29 22:05:59,36
2023/11/29 22:25:59,35
2023/11/29 22:35:59,37
2023/11/29 22:45:59,35
2023/11/29 22:55:59,36
2023/11/29 23:05:59,35
2023/11/29 23:25:59,38
2023/11/29 23:35:59,36
2023/11/30 19:23:07,38
2023/11/30 19:32:57,36
2023/11/30 19:52:58,35
2023/11/30 20:02:57,36
2023/11/30 20:12:57,35
2023/11/30 20:22:57,36
2023/11/30 20:32:57,35
2023/11/30 21:02:57,36
2023/11/30 21:22:57,37
2023/11/30 21:32:57,38
2023/12/01 07:26:30,37
2023/12/01 07:36:00,35
2023/12/01 08:16:00,36
2023/12/01 08:26:00,35
2023/12/01 08:36:00,37
2023/12/01 08:46:00,36
2023/12/01 09:26:00,35
2023/12/01 09:36:00,36
2023/12/01 09:56:00,35
2023/12/01 10:06:00,36
2023/12/01 10:16:00,37
2023/12/01 10:26:00,36
2023/12/01 10:36:00,35
2023/12/01 10:46:00,37
2023/12/01 10:56:00,35
2023/12/01 11:06:00,36
2023/12/01 11:16:00,35
2023/12/01 13:16:00,36
2023/12/01 13:26:00,35
2023/12/01 14:26:00,36
2023/12/01 14:46:00,35
2023/12/01 14:56:00,37
2023/12/01 15:06:00,36
2023/12/01 15:26:00,35
2023/12/01 15:46:00,36
2023/12/01 15:56:00,35
2023/12/01 16:16:00,36
2023/12/01 16:26:00,35
2023/12/01 17:06:00,36
2023/12/01 17:16:00,35
2023/12/01 17:46:00,30
2023/12/01 18:07:26,29
2023/12/01 18:17:25,32
2023/12/01 18:27:25,33
2023/12/01 18:47:25,35
2023/12/01 18:57:25,36
2023/12/01 19:07:25,37
2023/12/01 19:17:25,41
2023/12/01 19:27:25,37
2023/12/01 19:47:25,38
2023/12/01 19:57:25,37
2023/12/01 20:07:25,38
2023/12/01 20:17:25,39
2023/12/01 20:47:25,38
2023/12/01 20:57:25,41
2023/12/01 21:07:25,38
2023/12/01 21:37:25,39
2023/12/01 21:57:25,37
2023/12/01 22:27:25,38
2023/12/01 22:47:25,37
2023/12/02 00:07:25,36
2023/12/02 00:27:25,37
2023/12/02 00:57:25,38
2023/12/02 01:07:25,37
2023/12/02 02:07:25,38
2023/12/02 02:17:25,37
2023/12/02 02:27:25,36
2023/12/02 02:37:25,32
2023/12/02 02:47:25,31
2023/12/02 12:06:52,21
2023/12/02 12:16:51,30
2023/12/02 12:26:51,29
2023/12/02 12:54:42,27
2023/12/02 13:04:41,33
2023/12/02 13:14:41,35
2023/12/02 13:24:41,36
2023/12/02 13:34:41,37
2023/12/02 14:24:41,38
2023/12/02 14:34:41,37
2023/12/02 15:04:41,38
2023/12/02 15:24:41,37
2023/12/02 16:04:41,35
2023/12/02 16:54:41,36
2023/12/02 17:24:41,37
2023/12/02 17:34:41,36
2023/12/02 17:44:41,35
2023/12/02 19:14:43,38
2023/12/02 19:24:42,31
2023/12/02 19:34:42,33
2023/12/02 20:04:42,36
2023/12/02 20:14:42,35
2023/12/02 20:34:42,31
2023/12/02 20:44:42,33
2023/12/03 13:12:14,35
2023/12/03 13:22:04,33
2023/12/03 13:32:04,37
2023/12/03 13:42:04,36
2023/12/03 14:12:04,38
2023/12/03 14:22:04,36
2023/12/03 14:42:04,37
2023/12/03 17:02:04,36
2023/12/03 17:22:04,38
2023/12/03 17:32:04,36
2023/12/03 17:42:04,37
2023/12/03 17:52:04,35
2023/12/03 18:32:05,39
2023/12/03 18:42:04,35
2023/12/03 19:02:04,36
2023/12/03 19:12:04,35
2023/12/03 19:52:04,33
2023/12/03 20:12:04,36
2023/12/03 20:22:04,33
2023/12/03 20:42:04,35
2023/12/03 20:52:04,33
2023/12/03 21:12:04,35
2023/12/03 21:22:04,37
2023/12/03 21:32:05,35
2023/12/04 00:22:04,36
2023/12/04 00:32:04,33
2023/12/04 01:02:04,35
2023/12/04 02:42:05,33
2023/12/04 02:52:04,35
2023/12/04 04:12:04,33
2023/12/04 04:22:04,35
2023/12/04 04:42:05,33
2023/12/04 04:52:04,35
2023/12/04 05:12:04,33
2023/12/04 05:42:04,35
2023/12/04 05:52:05,33
2023/12/04 06:02:05,35
2023/12/04 06:22:04,33
2023/12/04 06:42:04,35
2023/12/04 06:52:05,33
2023/12/04 07:42:04,35
2023/12/04 07:52:05,33
2023/12/04 09:02:05,35
2023/12/04 09:12:04,33
2023/12/04 13:42:04,35
2023/12/04 13:52:04,33
2023/12/04 14:12:04,35
2023/12/04 14:22:04,33
2023/12/04 16:22:04,35
2023/12/04 16:32:04,33
2023/12/04 18:22:05,35
2023/12/04 18:32:04,36
2023/12/04 18:42:04,33
2023/12/04 19:12:05,35
2023/12/04 19:22:04,33
2023/12/04 19:32:04,35
2023/12/04 19:42:04,32
2023/12/04 19:52:04,31
2023/12/04 20:12:04,36
2023/12/04 20:22:05,37
2023/12/04 20:32:04,38
2023/12/04 20:42:04,39
2023/12/04 20:52:04,41
2023/12/04 21:02:04,39
2023/12/04 21:12:04,37
2023/12/04 21:22:05,38
2023/12/04 21:32:05,37
2023/12/04 22:02:04,36
2023/12/04 22:12:04,37
2023/12/04 22:52:04,36
2023/12/04 23:02:04,37
2023/12/04 23:12:04,36
2023/12/05 00:52:04,37
2023/12/05 01:02:04,36
2023/12/05 01:22:07,50
2023/12/05 01:32:07,51
2023/12/05 01:42:07,54
2023/12/05 01:52:07,36
2023/12/05 02:02:07,35
2023/12/05 03:22:07,33
2023/12/05 03:32:07,35
2023/12/05 04:52:07,33
2023/12/05 05:02:07,35
2023/12/05 05:42:07,33
2023/12/05 06:52:07,35
2023/12/05 07:02:07,33
2023/12/05 08:52:07,35
2023/12/05 09:02:07,33
2023/12/05 09:32:07,35
2023/12/05 09:52:07,33
2023/12/05 10:02:07,35
2023/12/05 11:52:08,37
2023/12/05 12:02:08,36
2023/12/05 12:12:07,38
2023/12/05 12:22:07,36
2023/12/05 13:22:07,35
2023/12/05 15:02:07,37
2023/12/05 15:12:07,35
2023/12/05 16:02:07,36
2023/12/05 16:12:07,35
2023/12/05 16:32:07,33
2023/12/05 16:42:07,35
2023/12/05 16:52:07,37
2023/12/05 17:02:07,35
2023/12/05 17:12:07,37
2023/12/05 17:22:07,35
2023/12/05 17:32:07,33
2023/12/05 17:42:07,35
2023/12/05 17:52:07,33
2023/12/05 18:02:07,35
2023/12/05 18:12:08,36
2023/12/05 18:32:07,37
2023/12/05 19:12:07,38
2023/12/05 19:22:07,37
2023/12/05 19:32:07,38
2023/12/05 19:42:07,37
2023/12/05 19:52:07,38
2023/12/05 20:02:08,37
2023/12/05 20:12:09,36
2023/12/05 20:32:08,37
2023/12/05 20:42:08,36
2023/12/05 20:52:08,35
2023/12/05 21:22:09,38
2023/12/05 21:32:08,37
2023/12/05 21:42:08,39
2023/12/05 21:52:08,37
2023/12/05 22:02:08,38
2023/12/05 22:12:09,37
2023/12/05 22:32:08,38
2023/12/05 22:42:08,37
2023/12/05 23:42:08,36
2023/12/06 00:02:08,35
2023/12/06 00:22:09,36
2023/12/06 00:32:08,35
2023/12/06 01:12:08,37
2023/12/06 01:22:09,35
2023/12/06 02:12:08,33
2023/12/06 02:22:09,35
2023/12/06 02:32:08,33
2023/12/06 03:02:08,38
2023/12/06 03:12:08,35
2023/12/06 04:22:08,37
2023/12/06 04:32:08,35
2023/12/06 05:32:08,33
2023/12/06 05:42:08,35
2023/12/06 06:32:09,33
2023/12/06 06:42:09,35
2023/12/06 06:52:08,33
2023/12/06 07:12:08,35
2023/12/06 07:52:08,33
2023/12/06 08:22:08,35
2023/12/06 08:32:09,33
2023/12/06 08:42:08,35
2023/12/06 11:12:08,36
2023/12/06 11:32:08,35
2023/12/06 12:02:08,41
2023/12/06 12:12:08,49
2023/12/06 12:22:08,37
2023/12/06 12:32:08,39
2023/12/06 12:42:09,36
2023/12/06 13:02:08,37
2023/12/06 13:12:08,39
2023/12/06 13:32:08,35
2023/12/06 14:52:09,36
2023/12/06 15:02:08,41
2023/12/06 15:12:08,35
2023/12/06 15:22:08,38
2023/12/06 15:32:08,35
2023/12/06 17:42:08,37
2023/12/06 17:52:09,36
2023/12/06 18:02:08,37
2023/12/06 19:32:09,39
2023/12/06 19:42:08,38
2023/12/06 20:02:09,41
2023/12/06 20:12:08,42
2023/12/06 20:22:08,38
2023/12/06 21:22:08,37
2023/12/06 21:42:08,38
2023/12/06 22:02:09,37
2023/12/06 22:12:09,39
2023/12/06 22:22:08,38
2023/12/06 22:42:08,37
2023/12/06 23:02:09,38
2023/12/06 23:12:08,39
2023/12/06 23:22:08,38
2023/12/06 23:32:08,37
2023/12/06 23:42:08,36
2023/12/06 23:52:08,35
2023/12/07 00:02:09,41
2023/12/07 00:13:56,45
2023/12/07 00:23:47,38
2023/12/07 00:33:47,36
2023/12/07 00:53:47,35
2023/12/07 02:03:47,33
2023/12/07 02:13:47,35
2023/12/07 02:53:47,33
2023/12/07 03:13:47,35
2023/12/07 03:23:47,33
2023/12/07 03:43:47,37
2023/12/07 03:53:47,33
2023/12/07 04:03:47,35
2023/12/07 04:53:47,33
2023/12/07 05:03:47,43
2023/12/07 05:13:47,35
2023/12/07 05:24:27,42
2023/12/07 05:34:17,38
2023/12/07 05:44:17,35
2023/12/07 06:44:17,36
2023/12/07 06:54:17,35
2023/12/07 08:14:17,37
2023/12/07 08:24:17,42
2023/12/07 08:34:17,41
2023/12/07 08:44:17,36
2023/12/07 09:44:17,35
2023/12/07 09:54:17,36
2023/12/07 10:04:17,38
2023/12/07 10:14:17,36
2023/12/07 10:34:17,35
2023/12/07 10:44:17,38
2023/12/07 10:54:17,36
2023/12/07 11:24:17,38
2023/12/07 11:34:17,41
2023/12/07 11:44:17,37
2023/12/07 11:54:17,38
2023/12/07 12:04:17,43
2023/12/07 12:14:17,38
2023/12/07 12:34:17,37
2023/12/07 12:44:17,38
2023/12/07 12:54:17,39
2023/12/07 13:04:17,38
2023/12/07 13:24:17,39
2023/12/07 13:34:17,38
2023/12/07 14:04:17,39
2023/12/07 14:14:17,38
2023/12/07 14:24:17,37
2023/12/07 14:34:17,38
2023/12/07 14:44:17,37
2023/12/07 15:14:17,38
2023/12/07 15:54:17,37
2023/12/07 16:14:17,38
2023/12/07 16:44:17,37
2023/12/07 17:24:17,38
2023/12/07 17:34:17,39
2023/12/07 17:44:17,38
2023/12/07 18:14:17,37
2023/12/07 18:24:17,38
2023/12/07 18:34:17,39
2023/12/07 18:44:17,38
2023/12/07 19:44:17,37
2023/12/07 19:54:17,39
2023/12/07 20:04:17,38
2023/12/07 20:44:17,37
2023/12/07 20:54:17,38
2023/12/07 21:34:17,37
2023/12/07 21:44:17,36
2023/12/07 21:54:17,35
2023/12/07 22:04:17,36
2023/12/07 22:14:17,35
2023/12/07 23:04:17,33
2023/12/08 00:04:17,35
2023/12/08 03:54:17,38
2023/12/08 04:04:17,35
2023/12/08 06:24:17,36
2023/12/08 06:34:17,38
2023/12/08 06:44:17,35
2023/12/08 07:54:17,36
2023/12/08 08:04:17,35
2023/12/08 12:24:17,36
2023/12/08 12:34:17,35
2023/12/08 13:54:17,36
2023/12/08 14:04:17,35
2023/12/08 14:44:17,36
2023/12/08 14:54:17,35
2023/12/08 15:24:17,36
2023/12/08 15:44:17,35
2023/12/08 16:04:17,36
2023/12/08 16:44:17,38
2023/12/08 16:54:17,36
2023/12/08 17:24:17,38
2023/12/08 17:44:17,36
2023/12/08 17:54:17,37
2023/12/08 18:04:17,36
2023/12/08 18:14:17,35
2023/12/08 18:24:17,38
2023/12/08 18:34:17,36
2023/12/08 18:44:17,37
2023/12/08 18:54:17,36
2023/12/08 19:04:17,35
2023/12/08 19:24:17,36
2023/12/08 19:44:17,35
2023/12/08 19:54:19,37
2023/12/08 20:04:18,35
2023/12/08 20:24:18,33
2023/12/08 20:44:19,32
2023/12/08 20:54:18,33
2023/12/08 21:04:18,35
2023/12/08 21:14:18,32
2023/12/08 21:24:18,33
2023/12/08 21:44:19,36
2023/12/08 21:54:18,35
2023/12/08 23:04:19,36
2023/12/08 23:14:18,35
2023/12/08 23:44:18,36
2023/12/08 23:54:19,35
2023/12/09 00:24:18,33
2023/12/09 00:34:18,35
2023/12/09 02:14:18,33
2023/12/09 02:24:18,35
2023/12/09 03:34:18,36
2023/12/09 03:44:18,35
2023/12/09 04:44:18,33
2023/12/09 04:54:18,35
2023/12/09 05:54:18,33
2023/12/09 06:04:19,35
2023/12/09 08:14:19,33
2023/12/09 08:24:19,35
2023/12/09 08:44:18,36
2023/12/09 09:04:18,35
2023/12/09 09:24:18,33
2023/12/09 09:34:18,35
2023/12/09 10:34:18,36
2023/12/09 10:44:18,35
2023/12/09 14:44:18,36
2023/12/09 14:54:18,35
2023/12/09 16:14:18,36
2023/12/09 16:24:19,35
2023/12/09 17:24:19,37
2023/12/09 17:34:18,35
2023/12/09 18:54:18,37
2023/12/09 19:04:18,35
2023/12/09 19:44:19,33
2023/12/09 19:54:19,35
2023/12/09 20:04:19,36
2023/12/09 20:14:19,35
2023/12/10 01:34:19,36
2023/12/10 01:44:20,35
2023/12/10 07:34:19,37
2023/12/10 07:44:19,35
2023/12/10 09:04:20,36
2023/12/10 09:14:20,35
2023/12/10 09:54:19,36
2023/12/10 10:14:19,35
2023/12/10 15:54:19,36
2023/12/10 16:04:19,35
2023/12/10 17:24:20,38
2023/12/10 17:34:19,35
2023/12/10 20:34:21,36
2023/12/10 20:44:20,35
2023/12/10 22:44:20,36
2023/12/10 22:54:20,35
2023/12/10 23:34:21,37
2023/12/10 23:44:20,35
2023/12/11 01:54:20,36
2023/12/11 02:04:20,35
2023/12/11 03:54:20,37
2023/12/11 04:04:20,35
2023/12/11 07:04:20,37
2023/12/11 07:14:20,35
2023/12/11 07:44:21,33
2023/12/11 07:54:20,35
2023/12/11 08:44:21,36
2023/12/11 09:04:20,35
2023/12/11 09:44:20,36
2023/12/11 09:54:21,35
2023/12/11 10:04:20,33
2023/12/11 10:14:20,35
2023/12/11 11:54:21,37
2023/12/11 12:04:20,35
2023/12/11 13:04:21,38
2023/12/11 13:14:20,35
2023/12/11 14:54:20,36
2023/12/11 15:04:21,35
2023/12/11 15:14:20,36
2023/12/11 15:24:20,35
2023/12/11 15:54:20,36
2023/12/11 16:24:20,35
2023/12/11 16:34:20,36
2023/12/11 16:44:20,35
2023/12/11 17:24:21,37
2023/12/11 17:34:20,35
2023/12/11 19:04:22,37
2023/12/11 19:24:21,36
2023/12/11 19:34:21,35
2023/12/11 20:24:21,37
2023/12/11 20:44:21,35
2023/12/11 21:54:21,36
2023/12/11 22:14:22,35
2023/12/11 23:44:21,36
2023/12/12 00:04:21,35
2023/12/12 00:14:22,37
2023/12/12 00:24:21,35
2023/12/12 01:34:22,36
2023/12/12 01:44:21,35
2023/12/12 04:44:21,36
2023/12/12 04:54:21,35
2023/12/12 05:04:21,36
2023/12/12 05:14:21,35
2023/12/12 05:24:21,36
2023/12/12 05:44:21,39
2023/12/12 05:54:21,36
2023/12/12 06:14:21,35
2023/12/12 08:24:21,36
2023/12/12 08:44:21,37
2023/12/12 08:54:21,35
2023/12/12 12:54:22,36
2023/12/12 13:04:21,35
2023/12/12 15:24:22,36
2023/12/12 15:44:21,37
2023/12/12 15:54:22,36
2023/12/12 16:14:22,37
2023/12/12 16:24:21,35
2023/12/12 17:24:22,38
2023/12/12 17:34:21,35
2023/12/12 17:54:21,36
2023/12/12 18:14:23,35
2023/12/12 18:54:23,36
2023/12/12 19:04:23,35
2023/12/13 00:54:23,33
2023/12/13 22:39:34,31
2023/12/13 22:49:04,32
2023/12/13 22:59:04,36
2023/12/13 23:09:04,32
2023/12/13 23:19:04,33
2023/12/13 23:29:04,36
2023/12/13 23:39:04,33
2023/12/13 23:49:04,35
2023/12/14 00:59:04,37
2023/12/14 01:09:04,36
2023/12/14 01:19:04,35
2023/12/14 02:09:04,33
2023/12/14 02:29:04,35
2023/12/14 02:39:04,33
2023/12/14 02:59:04,35
2023/12/14 03:09:04,33
2023/12/14 03:49:04,35
2023/12/14 03:59:04,33
2023/12/14 04:19:04,35
2023/12/14 04:29:04,33
2023/12/14 05:39:04,35
2023/12/14 05:49:04,33
2023/12/14 07:59:04,36
2023/12/14 08:09:04,33
2023/12/14 09:19:04,35
2023/12/14 09:29:04,33
2023/12/14 10:29:04,36
2023/12/14 10:39:04,33
2023/12/14 11:49:04,35
2023/12/14 11:59:04,33
2023/12/14 12:19:04,35
2023/12/14 12:39:04,33
2023/12/14 12:49:04,35
2023/12/14 13:09:04,33
2023/12/14 13:39:04,35
2023/12/14 13:49:04,33
2023/12/14 14:09:04,35
2023/12/14 14:19:04,33
2023/12/14 16:49:04,37
2023/12/14 16:59:04,36
2023/12/14 17:09:04,38
2023/12/14 17:19:04,37
2023/12/14 17:39:04,38
2023/12/14 17:59:04,37
2023/12/14 18:39:06,38
2023/12/14 18:49:06,37
2023/12/14 19:29:06,36
2023/12/14 19:39:06,37
2023/12/14 19:49:06,41
2023/12/14 19:59:06,37
2023/12/14 20:59:06,35
2023/12/14 21:09:06,33
2023/12/14 21:29:06,35
2023/12/15 15:22:32,21
2023/12/15 15:32:32,31
2023/12/15 15:42:32,33
2023/12/15 15:52:32,36
2023/12/15 16:02:32,38
2023/12/15 16:42:32,37
2023/12/15 16:52:32,38
2023/12/15 17:02:32,37
2023/12/15 17:22:32,38
2023/12/15 17:32:32,37
2023/12/15 17:42:32,36
2023/12/15 17:52:32,35
2023/12/15 18:02:32,32
2023/12/15 18:12:32,33
2023/12/15 18:32:32,35
2023/12/15 19:22:32,36
2023/12/15 19:32:32,35
2023/12/15 20:02:32,33
2023/12/15 20:12:32,35
2023/12/15 20:32:32,31
2023/12/15 20:42:32,35
2023/12/15 20:52:32,31
2023/12/16 15:36:50,21
2023/12/16 15:46:50,30
2023/12/16 15:56:49,31
2023/12/16 16:16:49,30
2023/12/16 16:26:49,33
2023/12/16 16:36:49,32
2023/12/16 16:46:49,35
2023/12/16 16:56:49,36
2023/12/16 17:06:49,37
2023/12/16 17:46:49,38
2023/12/16 17:56:50,37
2023/12/16 18:06:49,35
2023/12/16 18:16:49,36
2023/12/16 18:26:51,35
2023/12/16 19:06:51,33
2023/12/16 20:16:51,35
2023/12/16 20:26:51,33
2023/12/16 21:06:51,35
2023/12/16 21:16:51,33
2023/12/16 21:46:51,32
2023/12/16 22:16:51,31
2023/12/16 22:26:51,32
2023/12/16 22:56:51,31
2023/12/16 23:16:51,32
2023/12/16 23:26:51,29
2023/12/17 00:06:51,32
2023/12/17 00:16:51,33
2023/12/17 00:46:51,31
2023/12/17 00:56:51,30
2023/12/17 01:06:51,35
2023/12/17 01:16:51,32
2023/12/17 01:26:51,33
2023/12/17 01:36:51,31
2023/12/17 01:46:51,33
2023/12/17 01:56:51,31
2023/12/17 02:06:51,30
2023/12/17 03:16:51,32
2023/12/17 03:26:51,30
2023/12/17 08:36:51,29
2023/12/17 08:46:51,30
2023/12/17 09:46:51,29
2023/12/17 09:56:51,30
2023/12/17 12:46:51,32
2023/12/17 12:56:51,33
2023/12/17 13:06:51,30
2023/12/17 13:26:51,33
2023/12/17 13:36:51,32
2023/12/17 13:46:51,33
2023/12/17 13:56:51,35
2023/12/17 14:36:51,36
2023/12/17 15:16:51,35
2023/12/17 15:36:51,36
2023/12/17 15:46:51,35
2023/12/17 15:56:51,37
2023/12/17 17:06:51,38
2023/12/17 17:16:51,37
2023/12/17 17:26:51,38
2023/12/17 17:36:51,37
2023/12/17 17:46:51,36
2023/12/17 18:06:51,37
2023/12/17 18:36:51,38
2023/12/17 18:46:51,37
2023/12/17 19:26:52,36
2023/12/17 19:36:52,35
2023/12/17 20:16:52,37
2023/12/17 20:46:52,38
2023/12/17 20:56:52,37
2023/12/17 21:06:52,36
2023/12/17 21:26:52,35
2023/12/17 23:26:52,32
2023/12/17 23:36:52,31
2023/12/18 10:51:29,21
2023/12/18 11:01:28,29
2023/12/18 11:11:28,31
2023/12/18 11:21:28,33
2023/12/18 11:31:28,30
2023/12/18 17:07:47,23
2023/12/18 17:17:47,30
2023/12/18 17:27:47,38
2023/12/18 17:37:47,35
2023/12/18 17:47:47,36
2023/12/18 17:57:47,37
2023/12/18 18:27:47,38
2023/12/18 18:37:47,37
2023/12/18 19:57:47,38
2023/12/18 20:07:47,37
2023/12/18 20:47:48,32
2023/12/19 04:25:04,21
2023/12/19 04:35:04,30
2023/12/19 04:45:04,32
2023/12/19 04:55:04,33
2023/12/19 05:15:04,35
2023/12/19 06:05:04,37
2023/12/19 06:35:04,38
2023/12/19 06:45:04,33
2023/12/19 12:34:38,23
2023/12/19 12:44:38,30
2023/12/19 12:54:38,33
2023/12/19 13:04:38,35
2023/12/19 13:14:38,36
2023/12/19 13:24:38,37
2023/12/19 13:44:38,38
2023/12/19 14:44:38,37
2023/12/19 15:44:38,36
2023/12/19 15:54:38,35
2023/12/19 16:04:38,36
2023/12/19 16:24:39,31
2023/12/19 16:54:38,33
2023/12/19 17:34:38,31
2023/12/19 17:44:38,32
2023/12/19 17:54:38,31
2023/12/19 18:04:38,32
2023/12/19 18:24:38,31
2023/12/19 18:34:38,30
2023/12/19 18:54:38,31
2023/12/19 19:04:38,30
2023/12/19 20:24:38,33
2023/12/19 20:34:38,35
2023/12/19 20:44:38,36
2023/12/19 20:54:38,37
2023/12/19 21:04:38,42
2023/12/19 21:24:38,38
2023/12/19 21:34:38,39
2023/12/19 21:44:38,36
2023/12/19 21:54:38,44
2023/12/19 22:04:38,42
2023/12/19 22:14:39,41
2023/12/19 22:24:38,39
2023/12/19 22:44:38,38
2023/12/19 22:54:38,42
2023/12/19 23:04:38,38
2023/12/19 23:14:38,37
2023/12/19 23:24:38,39
2023/12/19 23:34:38,38
2023/12/19 23:44:38,41
2023/12/19 23:54:38,42
2023/12/20 00:04:38,39
2023/12/20 00:14:38,42
2023/12/20 00:24:38,38
2023/12/20 01:14:38,39
2023/12/20 01:24:38,37
2023/12/20 01:44:38,38
2023/12/20 02:44:38,37
2023/12/20 02:54:38,36
2023/12/20 03:04:38,32
2023/12/20 03:14:38,31
2023/12/20 03:44:38,32
2023/12/20 03:54:38,31
2023/12/20 05:04:38,32
2023/12/20 05:14:38,31
2023/12/20 06:24:38,32
2023/12/20 06:34:38,31
2023/12/20 06:44:38,32
2023/12/20 06:54:38,31
2023/12/20 07:04:38,32
2023/12/20 07:54:38,35
2023/12/20 08:04:38,36
2023/12/20 08:14:38,33
2023/12/20 08:24:38,39
2023/12/20 08:44:38,36
2023/12/20 08:54:38,35
2023/12/20 09:24:38,38
2023/12/20 09:34:38,39
2023/12/20 09:54:38,32
2023/12/20 10:41:30,26
2023/12/20 10:51:30,33
2023/12/20 11:01:29,35
2023/12/20 11:11:29,36
2023/12/20 11:21:29,31
2023/12/20 12:01:29,39
2023/12/20 12:11:29,33
2023/12/20 12:21:29,32
2023/12/20 12:31:29,31
2023/12/20 12:41:29,37
2023/12/20 13:21:29,38
2023/12/20 13:31:29,36
2023/12/20 13:41:29,37
2023/12/20 13:51:29,38
2023/12/20 14:11:29,36
2023/12/20 14:21:29,38
2023/12/20 14:31:29,39
2023/12/20 15:11:29,43
2023/12/20 15:31:29,39
2023/12/20 15:41:29,36
2023/12/20 16:01:29,35
2023/12/20 16:21:29,37
2023/12/20 16:31:29,36
2023/12/20 16:41:29,31
2023/12/20 17:11:29,32
2023/12/20 17:21:29,31
2023/12/20 17:41:29,35
2023/12/20 17:51:30,37
2023/12/20 18:11:29,38
2023/12/20 18:31:29,44
2023/12/20 19:01:29,39
2023/12/20 19:11:29,38
2023/12/20 19:31:29,37
2023/12/20 19:41:29,36
2023/12/20 19:51:29,37
2023/12/20 21:11:29,36
2023/12/20 21:21:29,37
2023/12/20 21:41:29,38
2023/12/20 21:51:29,37
2023/12/20 23:11:29,36
2023/12/20 23:21:29,35
2023/12/21 00:01:29,33
2023/12/21 00:11:29,35
2023/12/21 00:41:31,31
2023/12/21 00:51:31,30
2023/12/21 02:51:31,31
2023/12/21 03:01:31,30
2023/12/21 03:11:31,31
2023/12/21 03:50:33,26
2023/12/21 04:00:32,29
2023/12/21 15:57:48,23
2023/12/21 16:07:47,29
2023/12/21 16:17:47,31
2023/12/21 16:27:47,33
2023/12/21 16:47:47,35
2023/12/21 17:17:47,36
2023/12/21 17:27:47,37
2023/12/21 17:37:47,38
2023/12/21 17:47:47,37
2023/12/21 18:27:47,38
2023/12/21 18:57:48,41
2023/12/21 19:07:48,37
2023/12/21 19:27:48,36
2023/12/21 20:17:48,37
2023/12/21 20:57:48,36
2023/12/21 21:07:48,37
2023/12/21 22:47:48,38
2023/12/21 22:57:48,35
2023/12/21 23:07:48,37
2023/12/22 00:27:48,38
2023/12/22 00:37:48,37
2023/12/22 00:57:48,35
2023/12/22 01:07:48,32
2023/12/22 01:27:48,31
2023/12/22 04:37:48,35
2023/12/22 04:47:48,31
2023/12/22 07:37:48,33
2023/12/22 07:47:48,31
2023/12/22 11:27:48,30
2023/12/22 11:37:48,31
2023/12/22 12:17:48,30
2023/12/22 12:27:48,31
2023/12/22 12:47:48,30
2023/12/22 12:57:48,31
2023/12/22 13:07:49,30
2023/12/22 13:17:48,31
2023/12/22 14:27:48,30
2023/12/22 14:57:48,29
2023/12/22 15:17:48,27
2023/12/22 16:17:48,26
2023/12/22 16:37:48,27
2023/12/22 16:47:48,26
2023/12/22 18:47:50,27
2023/12/22 18:57:50,26
2023/12/22 19:17:50,27
2023/12/22 19:27:50,26
2023/12/22 20:47:50,25
2023/12/22 20:57:50,26
2023/12/22 21:07:50,25
2023/12/22 21:17:50,27
2023/12/22 21:27:50,25
2023/12/22 21:37:50,26
2023/12/22 22:07:50,27
2023/12/22 22:17:50,25
2023/12/22 23:27:50,26
2023/12/22 23:57:50,25
2023/12/23 02:27:50,26
2023/12/23 02:37:50,25
2023/12/23 03:17:50,27
2023/12/23 03:27:50,26
2023/12/23 03:37:50,25
2023/12/23 04:07:50,26
2023/12/23 04:17:50,25
2023/12/23 04:27:50,26
2023/12/23 04:37:50,25
2023/12/23 06:07:50,26
2023/12/23 06:17:50,25
2023/12/23 06:47:50,26
2023/12/23 06:57:50,25
2023/12/23 08:17:50,24
2023/12/23 08:27:50,25
2023/12/23 09:37:50,24
2023/12/23 10:17:50,25
2023/12/23 10:27:50,24
2023/12/23 10:47:50,25
2023/12/23 11:07:50,24
2023/12/23 14:07:50,25
2023/12/23 14:17:50,24
2023/12/23 14:27:50,25
2023/12/23 14:37:50,24
2023/12/23 15:17:50,25
2023/12/23 15:27:50,24
2023/12/23 18:47:51,25
2023/12/23 18:57:51,24
2023/12/23 20:47:51,23
2023/12/23 20:57:51,24
2023/12/23 21:27:51,23
2023/12/23 21:37:51,24
2023/12/23 22:47:51,23
2023/12/23 22:57:51,24
2023/12/23 23:17:51,23
2023/12/23 23:47:51,24
2023/12/24 00:17:51,23
2023/12/24 01:17:51,24
2023/12/24 01:27:51,23
2023/12/24 03:07:51,24
2023/12/24 04:17:51,25
2023/12/24 04:37:51,24
2023/12/24 04:57:51,23
2023/12/24 06:07:51,24
2023/12/24 06:17:51,23
2023/12/24 07:27:51,24
2023/12/24 07:37:51,23
2023/12/24 09:27:51,24
2023/12/24 09:37:51,23
2023/12/26 15:52:14,29
2023/12/26 16:22:04,31
2023/12/26 16:32:04,32
2023/12/26 17:12:04,35
2023/12/26 18:12:04,36
2023/12/26 19:12:04,35
2023/12/26 19:22:04,36
2023/12/26 19:32:04,35
2023/12/26 19:42:04,36
2023/12/26 19:52:07,37
2023/12/26 20:12:07,35
2023/12/26 21:32:07,33
2023/12/26 21:42:07,32
2023/12/26 23:12:07,33
2023/12/26 23:22:07,32
2023/12/26 23:42:07,33
2023/12/26 23:52:07,32
2023/12/27 00:22:07,33
2023/12/27 00:32:07,30
2023/12/27 00:42:07,29
2023/12/27 01:12:08,30
2023/12/27 01:22:07,29
2023/12/27 02:12:08,27
2023/12/27 02:22:08,29
2023/12/27 02:42:07,27
2023/12/27 03:02:07,29
2023/12/27 06:12:07,27
2023/12/27 06:52:07,29
2023/12/27 07:22:07,31
2023/12/27 07:32:07,32
2023/12/27 08:52:07,31
2023/12/27 09:02:07,30
2023/12/27 09:12:07,31
2023/12/27 09:22:07,32
2023/12/27 10:42:07,33
2023/12/27 10:52:07,32
2023/12/27 11:02:07,30
2023/12/27 11:12:07,29
2023/12/27 11:22:07,31
2023/12/27 11:32:08,29
2023/12/27 11:42:08,30
2023/12/27 11:52:07,29
2023/12/27 12:32:08,30
2023/12/27 12:42:07,29
2023/12/27 13:02:07,30
2023/12/27 13:12:07,29
2023/12/27 15:22:07,30
2023/12/27 15:32:07,29
2023/12/27 15:52:07,30
2023/12/27 16:02:07,29
2023/12/27 16:22:07,31
2023/12/27 16:32:07,32
2023/12/27 16:42:08,30
2023/12/27 16:52:07,29
2023/12/27 17:22:07,32
2023/12/27 17:32:07,39
2023/12/27 17:42:07,43
2023/12/27 17:52:07,38
2023/12/27 18:02:08,31
2023/12/27 18:12:07,30
2023/12/27 18:32:07,32
2023/12/27 18:42:07,30
2023/12/27 18:52:08,31
2023/12/27 19:02:07,30
2023/12/27 19:12:07,29
2023/12/27 19:22:07,30
2023/12/27 19:32:07,29
2023/12/27 19:52:07,32
2023/12/27 20:02:07,30
2023/12/27 20:12:07,33
2023/12/27 20:22:07,29
2023/12/27 21:02:08,30
2023/12/27 21:12:07,29
2023/12/27 21:32:07,32
2023/12/27 21:42:07,33
2023/12/27 22:12:07,39
2023/12/27 22:22:07,37
2023/12/27 22:42:07,35
2023/12/27 22:52:07,37
2023/12/27 23:02:07,35
2023/12/27 23:32:07,36
2023/12/28 00:12:07,37
2023/12/28 00:22:07,36
2023/12/28 00:32:09,33
2023/12/28 00:42:09,30
2023/12/28 01:32:09,29
2023/12/28 02:02:09,30
2023/12/28 02:12:09,29
2023/12/28 03:02:09,30
2023/12/28 03:12:09,29
2023/12/28 03:32:09,30
2023/12/28 03:42:09,29
2023/12/28 04:32:09,30
2023/12/28 04:42:09,29
2023/12/28 04:52:09,30
2023/12/28 05:02:09,29
2023/12/28 07:12:09,30
2023/12/28 07:22:09,29
2023/12/28 07:52:09,30
2023/12/28 08:02:09,29
2023/12/28 08:12:09,30
2023/12/28 08:32:09,29
2023/12/28 09:42:09,30
2023/12/28 09:52:09,29
2023/12/28 10:22:09,30
2023/12/28 10:32:09,29
2023/12/28 12:02:09,30
2023/12/28 12:12:09,29
2023/12/28 12:22:09,30
2023/12/28 12:32:09,29
2023/12/28 13:02:09,33
2023/12/28 13:22:09,32
2023/12/28 13:32:09,33
2023/12/28 14:42:09,35
2023/12/28 15:02:09,36
2023/12/28 15:22:09,37
2023/12/28 15:32:09,36
2023/12/28 15:42:09,37
2023/12/28 16:22:09,36
2023/12/28 16:32:09,37
2023/12/28 16:52:09,32
2023/12/28 17:02:09,31
2023/12/28 17:22:09,30
2023/12/28 17:52:09,33
2023/12/28 18:02:09,31
2023/12/28 18:12:09,30
2023/12/28 18:42:09,29
2023/12/28 18:52:09,30
2023/12/28 19:02:09,29
2023/12/28 19:42:09,30
2023/12/28 20:02:10,29
2023/12/28 20:32:10,30
2023/12/28 20:42:10,33
2023/12/28 20:52:10,35
2023/12/28 21:12:10,36
2023/12/28 21:32:10,37
2023/12/28 21:42:10,36
2023/12/28 22:22:10,35
2023/12/28 22:52:10,33
2023/12/28 23:52:10,36
2023/12/29 00:02:10,33
2023/12/29 00:42:10,31
2023/12/29 00:52:10,30
2023/12/29 01:12:10,29
2023/12/29 02:22:10,30
2023/12/29 02:32:10,29
2023/12/29 03:02:10,31
2023/12/29 03:22:10,29
2023/12/29 03:32:10,30
2023/12/29 03:42:10,29
2023/12/29 03:52:10,30
2023/12/29 04:12:10,29
2023/12/29 04:32:10,30
2023/12/29 04:42:10,29
2023/12/29 09:42:10,32
2023/12/29 10:02:10,31
2023/12/29 10:32:10,32
2023/12/29 10:42:10,31
2023/12/29 11:42:10,32
2023/12/29 12:12:10,33
2023/12/29 12:42:10,32
2023/12/29 13:02:10,33
2023/12/29 13:32:10,32
2023/12/29 13:52:10,33
2023/12/29 16:22:10,35
2023/12/29 16:42:10,37
2023/12/29 16:52:10,36
2023/12/29 17:22:10,37
2023/12/29 17:32:10,32
2023/12/29 17:42:10,31
2023/12/29 17:52:10,32
2023/12/29 18:02:10,33
2023/12/29 18:12:10,35
2023/12/29 18:22:10,33
2023/12/29 18:42:11,31
2023/12/29 18:52:11,29
2023/12/29 19:59:30,23
2023/12/29 20:09:30,25
2023/12/29 20:23:24,26
2023/12/29 20:33:24,31
2023/12/29 20:43:24,33
2023/12/29 20:53:24,35
2023/12/29 21:33:24,36
2023/12/29 21:43:24,37
2023/12/29 22:23:24,36
2023/12/29 22:33:24,37
2023/12/29 23:03:24,38
2023/12/29 23:13:24,37
2023/12/30 02:03:24,32
2023/12/30 11:28:56,21
2023/12/30 11:38:56,29
2023/12/30 11:48:56,32
2023/12/30 11:58:56,35
2023/12/30 12:08:56,36
2023/12/30 12:18:56,37
2023/12/30 12:28:56,36
2023/12/30 12:38:56,37
2023/12/30 13:08:56,38
2023/12/30 13:18:56,37
2023/12/30 13:28:56,36
2023/12/30 13:48:56,35
2023/12/30 14:08:56,33
2023/12/30 14:18:56,31
2023/12/30 15:20:09,25
2023/12/30 15:30:08,31
2023/12/30 15:40:08,33
2023/12/30 15:50:08,36
2023/12/30 16:00:08,38
2023/12/30 16:10:08,37
2023/12/30 16:20:08,35
2023/12/30 16:30:08,33
2023/12/30 16:40:08,32
2023/12/30 17:20:08,31
2023/12/30 17:40:08,32
